{
    "spider": "./pg.jar",
    "sites": [
        {
            "key": "豆瓣",
            "name": "豆瓣",
            "type": 3,
            "api": "csp_Douban",
            "searchable": 0,
            "changeable": 1,
            "indexs": 1,
            "ext": "./lib/tokenm.json$$$./lib/douban.json"
        },
        {
            "key": "PG",
            "name": "202503022137",
            "type": 3,
            "jar": "http://d.david525.cloudns.ch/CatVodSpider/jar/update.jar",
            "api": "csp_Market",
            "searchable": 0,
            "zip": "https://slink.ltd/https://raw.githubusercontent.com/david0501z/ck/main/p/pg.20250302-2137.zip",
            "changeable": 0,
            "indexs": 0,
            "ext": "http://up.david525.cloudns.ch"
        },
        {
            "key": "TGDouban",
            "name": "TG豆瓣",
            "type": 3,
            "api": "csp_TGDouban",
            "timeout": 120,
            "ext": {
                "token": "./lib/tokenm.json",
                "json": "./lib/tgsearch.json",
                "keywords": "名称,片名,推荐",
                "tgsearch_url": "http://tg.fish2018.us.kg",
                "tgsearch_media_url": "http://tg.fish2018.us.kg",
                "channellist": "leoziyuan,ucpanpan,ydypzyfx,clouddriveresources,NewQuark,New_Sharing,alypzyhzq|1000,Mbox115|1000,shares_115|1000,wanwansubchat|1000",
                "proxy": "noproxy",
                "douban": "./lib/douban.json",
                "danmu": true
            },
            "style": {
                "type": "rect",
                "ratio": 0.7
            }
        },
        {
            "key": "Youtube",
            "name": "Youtube",
            "type": 3,
            "api": "csp_Youtube",
            "searchable": 1,
            "quickSearch": 0,
            "changeable": 0,
            "timeout": 120,
            "ext": {
                "token": "./lib/tokenm.json",
                "json": "./lib/youtube.json",
                "type": "直播#新闻#剧集#电影#综艺#纪录片#音乐#体育#动物#风光#放松#4K#HDR#movie#music#documentary#bbc documentary#national geographic documentary",
                "keywords": "排行榜,HOT,TRENDS,热门话题,热门趋势,热门综艺,热门电影,热门电视剧,小姐姐",
                "codecs": "",
                "proxy": "proxy",
                "danmu": true
            },
            "style": {
                "type": "rect",
                "ratio": 1.77
            }
        },
        {
            "key": "网盘配置",
            "name": "网盘及彈幕配置",
            "type": 3,
            "api": "csp_Config",
            "searchable": 0,
            "changeable": 0,
            "ext": "./lib/tokenm.json",
            "style": {
                "type": "rect",
                "ratio": 1.5
            }
        },
        {
            "key": "Local",
            "name": "本地",
            "type": 3,
            "api": "csp_Local"
        },
        {
            "key": "PushShare",
            "name": "我的资源分享",
            "type": 3,
            "api": "csp_PushShare",
            "searchable": 1,
            "quickSearch": 1,
            "changeable": 1,
            "filterable": 0,
            "timeout": 60,
            "ext": "./lib/tokenm.json$$$./lib/pushshare.txt$$$db$$$1",
            "style": {
                "type": "list",
                "ratio": 1.1
            }
        },
        {
            "key": "AlistShare",
            "name": "网盘分享合集",
            "type": 3,
            "api": "csp_AlistShare",
            "searchable": 1,
            "quickSearch": 1,
            "changeable": 1,
            "filterable": 0,
            "timeout": 120,
            "ext": "./lib/tokenm.json$$$null$$$proxy$$$1",
            "style": {
                "type": "list",
                "ratio": 1.1
            }
        },
        {
            "key": "AliShare",
            "name": "阿里云盘影视分享",
            "type": 3,
            "api": "csp_AliShare",
            "searchable": 1,
            "quickSearch": 1,
            "changeable": 1,
            "filterable": 0,
            "timeout": 60,
            "ext": "./lib/tokenm.json$$$./lib/alishare.txt$$$db$$$1",
            "style": {
                "type": "list",
                "ratio": 1.1
            }
        },
        {
            "key": "AliShareEBook",
            "name": "阿里云盘书籍分享",
            "type": 3,
            "api": "csp_AliShare",
            "searchable": 0,
            "quickSearch": 0,
            "changeable": 0,
            "filterable": 0,
            "timeout": 60,
            "ext": "./lib/tokenm.json$$$./lib/alishare.ebook.txt$$$db$$$1",
            "style": {
                "type": "list",
                "ratio": 1.1
            }
        },
        {
            "key": "QuarkShare",
            "name": "夸克云盘分享",
            "type": 3,
            "api": "csp_QuarkShare",
            "searchable": 1,
            "quickSearch": 0,
            "changeable": 0,
            "filterable": 0,
            "timeout": 60,
            "ext": "./lib/tokenm.json$$$./lib/quarkshare.txt",
            "style": {
                "type": "list",
                "ratio": 1.1
            }
        },
        {
            "key": "115Share",
            "name": "115云盘分享",
            "type": 3,
            "api": "csp_P115Share",
            "searchable": 1,
            "quickSearch": 1,
            "changeable": 0,
            "filterable": 0,
            "timeout": 120,
            "ext": "./lib/tokenm.json$$$./lib/115share.txt$$$db$$$1",
            "style": {
                "type": "list",
                "ratio": 1.1
            }
        },
        {
            "key": "UCShare",
            "name": "UC云盘分享",
            "type": 3,
            "api": "csp_UCShare",
            "searchable": 1,
            "quickSearch": 0,
            "changeable": 0,
            "filterable": 0,
            "timeout": 60,
            "ext": "./lib/tokenm.json$$$./lib/ucshare.txt$$$db$$$1",
            "style": {
                "type": "list",
                "ratio": 1.1
            }
        },
        {
            "key": "ThunderShare",
            "name": "迅雷云盘分享",
            "type": 3,
            "api": "csp_ThunderShare",
            "searchable": 1,
            "quickSearch": 0,
            "changeable": 0,
            "filterable": 0,
            "timeout": 60,
            "ext": "./lib/tokenm.json$$$./lib/thundershare.txt",
            "style": {
                "type": "list",
                "ratio": 1.1
            }
        },
        {
            "key": "PikPakShare",
            "name": "PikPak分享",
            "type": 3,
            "api": "csp_PikPakShare",
            "searchable": 1,
            "quickSearch": 1,
            "changeable": 1,
            "filterable": 0,
            "timeout": 60,
            "ext": "./lib/tokenm.json$$$./lib/pikpakclass.json$$$./lib/pikpakclass.json.txt.gz",
            "style": {
                "type": "list",
                "ratio": 1.1
            }
        },
        {
            "key": "SambaShare",
            "name": "Samba分享",
            "type": 3,
            "api": "csp_SambaShare",
            "searchable": 0,
            "quickSearch": 0,
            "changeable": 0,
            "filterable": 0,
            "timeout": 60,
            "ext": "./lib/tokenm.json$$$./lib/sambashare.txt"
        },
        {
            "key": "FirstAid",
            "name": "🚑 急救知识 ",
            "type": 3,
            "api": "csp_FirstAid",
            "searchable": 0,
            "quickSearch": 0,
            "changeable": 0,
            "style": {
                "type": "rect",
                "ratio": 3.8
            }
        },
        {
            "key": "bili",
            "name": "B站 | Bili[jar]",
            "type": 3,
            "api": "csp_Bili",
            "searchable": 1,
            "quickSearch": 0,
            "changeable": 0,
            "ext": {
                "type": "演唱会#电影#电视剧#帕梅拉#广场舞#纪录片#综艺#鬼畜#音乐#舞蹈#影视#知识#美食#风光#田园#户外#8K#徐云",
                "cookie": ""
            }
        },
        {
            "key": "TGYunPanLocal",
            "name": "TG频道搜索",
            "type": 3,
            "api": "csp_TGYunPanLocal",
            "timeout": 120,
            "ext": {
                "token": "./lib/tokenm.json",
                "json": "./lib/tgsearch.json",
                "keywords": "名称,片名,推荐",
                "tgsearch_url": "http://tg.fish2018.us.kg",
                "tgsearch_media_url": "http://tg.fish2018.us.kg",
                "channellist": "leoziyuan,ucpanpan,ydypzyfx,clouddriveresources,NewQuark,New_Sharing,oneonefivewpfx,hao115,guaguale115,Channel_Shares_115,dianyingshare,XiangxiuNB,yunpanpan,kuakeyun,zaihuayun,Quark_Movies,vip115hot,yunpanshare,shareAliyun,ikiviyyp,alyp_1,quanziyuanshe",
                "proxy": "proxy",
                "danmu": true
            },
            "style": {
                "type": "rect",
                "ratio": 1.77
            }
        },
        {
            "key": "TGYunPan",
            "name": "TG群组搜索",
            "type": 3,
            "api": "csp_TGYunPan",
            "timeout": 120,
            "ext": {
                "token": "./lib/tokenm.json",
                "json": "./lib/tgsearch.json",
                "keywords": "名称,片名,推荐",
                "tgsearch_url": "http://tg.fish2018.us.kg",
                "tgsearch_media_url": "http://tg.fish2018.us.kg",
                "channellist": "alypzyhzq|1000,Mbox115|1000,shares_115|1000,NewQuark|1000,New_Sharing|1000,wanwansubchat|1000",
                "proxy": "noproxy",
                "danmu": true
            },
            "style": {
                "type": "rect",
                "ratio": 1.77
            }
        },
        {
            "key": "Guanying",
            "name": "观影|网盘|磁力",
            "type": 3,
            "api": "csp_Guanying",
            "quickSearch": 1,
            "changeable": 1,
            "filterable": 1,
            "timeout": 60,
            "ext": "./lib/tokenm.json$$$https://www.gying.net$$$noproxy$$$1$$$./lib/guanying.txt$$$GUANYING"
        },
        {
            "key": "FourKFM",
            "name": "4K影库|网盘|磁力",
            "type": 3,
            "api": "csp_FourKFM",
            "quickSearch": 1,
            "changeable": 1,
            "filterable": 1,
            "timeout": 60,
            "ext": "./lib/tokenm.json$$$http://4kfm.com/$$$noproxy$$$1$$$./lib/4kfm.txt$$$4KFM"
        },
        {
            "key": "校长影视",
            "name": "校长影视|网盘",
            "type": 3,
            "api": "csp_XiaoZhang",
            "quickSearch": 1,
            "changeable": 1,
            "filterable": 1,
            "timeout": 60,
            "ext": "./lib/tokenm.json$$$https://xzyshd.com$$$proxy$$$1"
        },
        {
            "key": "Wogg",
            "name": "玩偶哥哥|网盘",
            "type": 3,
            "api": "csp_Wogg",
            "quickSearch": 1,
            "changeable": 1,
            "filterable": 1,
            "timeout": 60,
            "ext": "./lib/tokenm.json$$$http://wogg.888484.xyz/$$$noproxy$$$1$$$./lib/wogg.json$$$WOGG"
        },
        {
            "key": "yydsys",
            "name": "玩你老哥|网盘",
            "type": 3,
            "api": "csp_Wobg",
            "quickSearch": 1,
            "changeable": 1,
            "filterable": 1,
            "timeout": 60,
            "ext": "./lib/tokenm.json$$$https://tv.yydsys.top/$$$proxy$$$1$$$./lib/wogg.json$$$WNLG"
        },
        {
            "key": "蜡笔网盘",
            "name": "蜡笔|网盘",
            "type": 3,
            "api": "csp_Wobg",
            "quickSearch": 1,
            "changeable": 1,
            "filterable": 1,
            "timeout": 60,
            "ext": "./lib/tokenm.json$$$https://duopan.fun/$$$noproxy$$$1$$$./lib/wogg.json$$$LABI"
        },
        {
            "key": "Mogg",
            "name": "木偶哥哥|网盘",
            "type": 3,
            "api": "csp_Wobg",
            "quickSearch": 1,
            "changeable": 1,
            "filterable": 1,
            "timeout": 60,
            "ext": "./lib/tokenm.json$$$http://tv.91muou.icu/$$$proxy$$$1$$$./lib/wogg.json$$$MOGG"
        },
        {
            "key": "Xiaomi",
            "name": "小米|网盘",
            "type": 3,
            "api": "csp_Wobg",
            "quickSearch": 1,
            "changeable": 1,
            "filterable": 1,
            "timeout": 60,
            "ext": "./lib/tokenm.json$$$https://www.mucpan.cc/$$$noproxy$$$1$$$./lib/wogg.json$$$XIAOMI"
        },
        {
            "key": "至臻|网盘",
            "name": "至臻|网盘",
            "type": 3,
            "api": "csp_Wobg",
            "quickSearch": 1,
            "changeable": 1,
            "filterable": 1,
            "timeout": 60,
            "ext": "./lib/tokenm.json$$$https://mihdr.top/$$$noproxy$$$1$$$./lib/wogg.json$$$ZHIZHEN"
        },
        {
            "key": "Guazi",
            "name": "瓜子|App",
            "type": 3,
            "api": "csp_Guazi",
            "quickSearch": 1,
            "changeable": 1,
            "filterable": 1,
            "timeout": 60,
            "ext": ""
        },
        {
            "key": "Moli",
            "name": "HDmoli|网盘",
            "type": 3,
            "api": "csp_Moli",
            "quickSearch": 1,
            "changeable": 1,
            "filterable": 1,
            "timeout": 60,
            "ext": "./lib/tokenm.json$$$https://www.hdmoli.pro/$$$proxy$$$1$$$./lib/moli.json"
        },
        {
            "key": "Ppxzy",
            "name": "皮皮虾|网盘",
            "type": 3,
            "api": "csp_Ppxzy",
            "quickSearch": 1,
            "changeable": 1,
            "filterable": 1,
            "timeout": 60,
            "ext": "./lib/tokenm.json$$$https://ppxzy.ink$$$proxy$$$1"
        },
        {
            "key": "ddys",
            "name": "低端影视|网盘",
            "type": 3,
            "api": "csp_Ddys",
            "quickSearch": 1,
            "changeable": 1,
            "filterable": 1,
            "timeout": 60,
            "ext": "./lib/tokenm.json$$$https://ddys.pro/$$$proxy$$$1$$$"
        },
        {
            "key": "美剧迷",
            "name": "美剧迷|网盘",
            "type": 3,
            "api": "csp_Meijumi",
            "quickSearch": 1,
            "changeable": 1,
            "filterable": 1,
            "timeout": 120,
            "ext": "./lib/tokenm.json$$$https://www.meijumi.net/$$$proxy$$$1"
        },
        {
            "key": "Libvio",
            "name": "LIBVIO|网盘",
            "type": 3,
            "api": "csp_Libvio",
            "quickSearch": 1,
            "changeable": 1,
            "filterable": 1,
            "timeout": 60,
            "ext": "./lib/tokenm.json$$$https://www.libvio.fun/$$$null"
        },
        {
            "key": "Bt0",
            "name": "不太灵|磁力",
            "type": 3,
            "api": "csp_Bt0",
            "quickSearch": 1,
            "changeable": 1,
            "filterable": 1,
            "timeout": 60,
            "ext": "./lib/tokenm.json$$$null$$$noproxy$$$1",
            "style": {
                "type": "list",
                "ratio": 1.1
            }
        },
        {
            "key": "Gaoqing",
            "name": "中国高清网|网盘",
            "type": 3,
            "api": "csp_Gaoqing",
            "quickSearch": 1,
            "changeable": 1,
            "filterable": 1,
            "timeout": 60,
            "ext": "./lib/tokenm.json$$$https://gaoqing.la/$$$proxy$$$1"
        },
        {
            "key": "Yinfans",
            "name": "音范丝|磁力",
            "type": 3,
            "api": "csp_Gaoqing",
            "quickSearch": 1,
            "changeable": 1,
            "filterable": 1,
            "timeout": 60,
            "ext": "./lib/tokenm.json$$$https://www.yinfans.me/$$$proxy$$$1"
        },
        {
            "key": "团长资源",
            "name": "团长资源|网盘",
            "type": 3,
            "api": "csp_TZFile",
            "quickSearch": 1,
            "changeable": 1,
            "filterable": 1,
            "timeout": 120,
            "ext": "./lib/tokenm.json$$$noproxy$$$1"
        },
        {
            "key": "Hdhive",
            "name": "鸟窝|网盘",
            "type": 3,
            "api": "csp_Hdh",
            "quickSearch": 1,
            "changeable": 1,
            "filterable": 1,
            "timeout": 120,
            "ext": "./lib/tokenm.json$$$http://hdhive.online$$$noproxy$$$1$$$./lib/hdhive.txt"
        },
        {
            "key": "Huban",
            "name": "虎斑|网盘",
            "type": 3,
            "api": "csp_Wobg",
            "quickSearch": 1,
            "changeable": 1,
            "filterable": 1,
            "timeout": 60,
            "ext": "./lib/token.json$$$https://wp.huban.xyz$$$noproxy$$$1$$$./lib/wogg.json$$$U_HUBAN"
        },
        {
            "key": "Bdys_spider",
            "name": "修罗┃磁力",
            "api": "csp_Bdys01",
            "type": 3,
            "filterable": 1,
            "searchable": 1,
            "quickSearch": 1,
            "timeout": 60,
            "ext": "./lib/tokenm.json$$$https://www.xlys01.com/$$$noproxy$$$1"
        },
        {
            "key": "YunPan",
            "name": "云盘资源|网盘",
            "type": 3,
            "api": "csp_YunPan",
            "timeout": 60,
            "ext": "./lib/tokenm.json$$$null$$$proxy$$$1"
        },
        {
            "key": "YingSo",
            "name": "影搜|网盘搜索",
            "type": 3,
            "api": "csp_YingSo",
            "timeout": 60,
            "ext": "./lib/tokenm.json"
        },
        {
            "key": "混合盘",
            "name": "混合盘|网盘搜索",
            "type": 3,
            "api": "csp_HunHePan",
            "timeout": 60,
            "ext": "./lib/tokenm.json",
            "style": {
                "type": "list",
                "ratio": 1.1
            }
        },
        {
            "key": "88Pan",
            "name": "88网盘|网盘搜索",
            "type": 3,
            "api": "csp_EightEight",
            "timeout": 60,
            "ext": "./lib/tokenm.json$$$https://662688.xyz$$$",
            "style": {
                "type": "list",
                "ratio": 1.1
            }
        },
        {
            "key": "PanSearch",
            "name": "PanSearch|网盘搜索",
            "type": 3,
            "api": "csp_PanSearch",
            "quickSearch": 1,
            "changeable": 1,
            "filterable": 1,
            "timeout": 60,
            "ext": "./lib/tokenm.json$$$null$$$proxy"
        },
        {
            "key": "盘友圈",
            "name": "盘友圈|网盘搜索",
            "type": 3,
            "api": "csp_Panyq",
            "timeout": 60,
            "ext": "./lib/tokenm.json$$$site$$$proxy"
        },
        {
            "key": "易搜",
            "name": "易搜|网盘搜索",
            "type": 3,
            "api": "csp_YiSo",
            "timeout": 60,
            "ext": "./lib/tokenm.json$$$./lib/yiso.txt",
            "style": {
                "type": "list",
                "ratio": 1.1
            }
        },
        {
            "key": "秒搜",
            "name": "秒搜|网盘搜索",
            "type": 3,
            "api": "csp_MiaoSou",
            "timeout": 60,
            "ext": "./lib/tokenm.json",
            "style": {
                "type": "list",
                "ratio": 1.1
            }
        },
        {
            "key": "Funletu",
            "name": "趣盘搜|夸克搜索",
            "type": 3,
            "api": "csp_Funletu",
            "quickSearch": 1,
            "changeable": 1,
            "filterable": 1,
            "timeout": 60,
            "ext": "./lib/tokenm.json",
            "style": {
                "type": "list",
                "ratio": 1.1
            }
        },
        {
            "key": "QuarkPanso",
            "name": "夸克盘搜|夸克搜索",
            "type": 3,
            "api": "csp_QuarkPanso",
            "quickSearch": 1,
            "changeable": 1,
            "filterable": 1,
            "timeout": 60,
            "ext": "./lib/tokenm.json",
            "style": {
                "type": "list",
                "ratio": 1.1
            }
        },
        {
            "key": "Panta",
            "name": "盘Ta|网盘",
            "type": 3,
            "api": "csp_Panta",
            "quickSearch": 1,
            "changeable": 1,
            "filterable": 1,
            "timeout": 60,
            "ext": "./lib/tokenm.json$$$https://www.91panta.cn/$$$null$$$1",
            "style": {
                "type": "list",
                "ratio": 1.1
            }
        },
        {
            "key": "DaPanSo",
            "name": "大盘搜|网盘搜索",
            "type": 3,
            "api": "csp_DaPanSo",
            "quickSearch": 1,
            "changeable": 1,
            "filterable": 1,
            "timeout": 60,
            "ext": "./lib/tokenm.json$$$https://dapanso.com$$$proxy$$$1"
        },
        {
            "key": "PikaSo",
            "name": "皮卡搜|网盘搜索",
            "type": 3,
            "api": "csp_PikaSo",
            "quickSearch": 1,
            "changeable": 1,
            "filterable": 1,
            "timeout": 60,
            "ext": "./lib/tokenm.json$$$https://www.pikaso.top/$$$null",
            "style": {
                "type": "list",
                "ratio": 1.1
            }
        },
        {
            "key": "Qianfan",
            "name": "千帆|网盘搜索",
            "type": 3,
            "api": "csp_Qianfan",
            "quickSearch": 1,
            "changeable": 1,
            "filterable": 1,
            "timeout": 60,
            "ext": "./lib/tokenm.json$$$https://pan.qianfan.app$$$null$$$./lib/qianfan.txt$$$1"
        },
        {
            "key": "YunSo",
            "name": "小云搜索|网盘搜索",
            "type": 3,
            "api": "csp_YunSo",
            "quickSearch": 1,
            "changeable": 1,
            "filterable": 1,
            "timeout": 60,
            "ext": "./lib/tokenm.json$$$https://www.yunso.net$$$null$$$1",
            "style": {
                "type": "list",
                "ratio": 1.1
            }
        },
        {
            "key": "YunPanOne",
            "name": "云盘One|网盘搜索",
            "type": 3,
            "api": "csp_YunPanOne",
            "quickSearch": 1,
            "changeable": 1,
            "filterable": 1,
            "timeout": 60,
            "ext": "./lib/tokenm.json$$$null$$$proxy$$$1"
        },
        {
            "key": "新6V",
            "name": "新6V|网盘",
            "type": 3,
            "api": "csp_Xb6v",
            "searchable": 1,
            "changeable": 1,
            "timeout": 60,
            "ext": "./lib/tokenm.json$$$https://www.66ss.org$$$null$$$1"
        },
        {
            "key": "NanGua",
            "name": "南瓜|弹幕",
            "type": 3,
            "api": "csp_NanGua",
            "searchable": 1,
            "changeable": 1,
            "ext": "null$$$1"
        },
        {
            "key": "天天",
            "name": "天天┃App",
            "type": 3,
            "api": "csp_TTian",
            "ext": "http://op.ysdqjs.cn$$$null$$$1"
        },
        {
            "key": "追剧",
            "name": "追剧┃App",
            "type": 3,
            "api": "csp_TTian",
            "ext": "http://app.kzjtv.com$$$null$$$1"
        },
        {
            "key": "黑木耳",
            "name": "黑木耳",
            "type": 1,
            "api": "http://127.0.0.1:10079/p/0/null/https://json.heimuer.xyz/api.php/provide/vod/",
            "searchable": 1,
            "quickSearch": 1
        },
        {
            "key": "索尼资源",
            "name": "索尼┃资源",
            "type": 1,
            "api": "https://suoniapi.com/api.php/provide/vod/from/snm3u8/",
            "categories": [
                "动作片",
                "喜剧片",
                "爱情片",
                "科幻片",
                "恐怖片",
                "剧情片",
                "战争片",
                "国产剧",
                "欧美剧",
                "韩剧",
                "日剧",
                "港剧",
                "台剧",
                "泰剧",
                "海外剧",
                "纪录片",
                "大陆综艺",
                "日韩综艺",
                "港台综艺",
                "欧美综艺",
                "国产动漫",
                "日韩动漫",
                "欧美动漫",
                "动画片",
                "港台动漫",
                "海外动漫",
                "演唱会",
                "体育赛事",
                "篮球",
                "足球",
                "预告片",
                "斯诺克",
                "影视解说"
            ],
            "searchable": 1,
            "quickSearch": 1
        },
        {
            "key": "drpy_js_愛盤搜",
            "name": "爱盘搜[js]|夸",
            "type": 3,
            "api": "./lib/drpy2.min.js",
            "ext": "./js/aipanso.js",
            "quickSearch": 1,
            "changeable": 1,
            "timeout": 60,
            "style": {
                "type": "list",
                "ratio": 1.1
            }
        },
        {
            "key": "drpy_js_人人影视",
            "name": "人人影视[js]|搜",
            "type": 3,
            "api": "./lib/drpy2.min.js",
            "ext": "./js/yyets.js",
            "quickSearch": 1,
            "changeable": 1,
            "timeout": 60,
            "style": {
                "type": "list",
                "ratio": 1.1
            }
        },
        {
            "key": "drpy_js_MP4US",
            "name": "MP4电影[js]|磁",
            "type": 3,
            "api": "./lib/drpy2.min.js",
            "ext": "./js/mp4us.js",
            "quickSearch": 1,
            "changeable": 1,
            "timeout": 60
        },
        {
            "key": "drpy_js_88ball",
            "name": "88看球[js]",
            "type": 3,
            "api": "./lib/drpy2.min.js",
            "ext": "./js/88ball.js",
            "quickSearch": 0,
            "searchable": 0,
            "changeable": 0,
            "timeout": 30
        },
        {
            "key": "4KHDR",
            "name": "4KHDR|网盘",
            "type": 3,
            "api": "csp_FourKHDR",
            "quickSearch": 1,
            "changeable": 1,
            "filterable": 1,
            "timeout": 60,
            "ext": "./lib/tokenm.json$$$./lib/4khdr.txt$$$1",
            "style": {
                "type": "list",
                "ratio": 1.1
            }
        },
        {
            "key": "UP云搜",
            "name": "阿里|UP云搜",
            "type": 3,
            "api": "csp_UpYun",
            "timeout": 30,
            "ext": "./lib/tokenm.json",
            "style": {
                "type": "list",
                "ratio": 1.1
            }
        },
        {
            "key": "JustLive",
            "name": "JustLive",
            "type": 3,
            "api": "csp_JustLive",
            "searchable": 1,
            "changeable": 0
        },
        {
            "key": "drpy_js_酷吧",
            "name": "酷吧[js]|磁",
            "type": 3,
            "api": "./lib/drpy2.min.js",
            "ext": "./js/kuba.js",
            "quickSearch": 1,
            "changeable": 1,
            "timeout": 60
        },
        {
            "key": "BLSGod",
            "name": "BLSGod|磁",
            "type": 3,
            "api": "csp_BLSGod",
            "changeable": 1,
            "timeout": 60
        },
        {
            "key": "Xunlei8",
            "name": "Xunlei8|磁",
            "type": 3,
            "api": "csp_Xunlei8",
            "changeable": 1,
            "timeout": 60
        },
        {
            "key": "SeedHub",
            "name": "SeedHub|磁",
            "type": 3,
            "api": "csp_SeedHub",
            "changeable": 1,
            "timeout": 60
        },
        {
            "key": "AList",
            "name": "网盘|Alist[jar]",
            "type": 3,
            "api": "csp_AList",
            "searchable": 1,
            "filterable": 1,
            "changeable": 1,
            "ext": "./js/alistjar.json"
        },
        {
            "key": "快看",
            "name": "快看",
            "type": 3,
            "api": "csp_Kuaikan",
            "searchable": 1,
            "quickSearch": 1,
            "changeable": 0,
            "filterable": 1
        },
        {
            "key": "Ikanbot",
            "name": "爱看机器人",
            "type": 3,
            "api": "csp_Ikanbot",
            "searchable": 1,
            "quickSearch": 1,
            "filterable": 1,
            "changeable": 1,
            "ext": "https://v.aikanbot.com$$$proxy"
        },
        {
            "key": "csp_YingShi",
            "name": "影视|海外",
            "type": 3,
            "api": "csp_YingShi",
            "ext": "proxy"
        },
        {
            "key": "星星",
            "name": "星星 | 海外",
            "type": 3,
            "api": "csp_Star",
            "searchable": 1,
            "changeable": 0,
            "ext": "proxy"
        },
        {
            "key": "獨播",
            "name": "獨播 | 海外",
            "type": 3,
            "api": "csp_XPathMacFilter",
            "searchable": 1,
            "changeable": 0,
            "ext": "./lib/duboku.json$$$proxy"
        },
        {
            "key": "haiwaikan",
            "name": "海外看",
            "type": 1,
            "api": "http://127.0.0.1:10079/p/0/proxy/https://haiwaikan.com/api.php/provide/vod?",
            "playUrl": "json:http://127.0.0.1:10079/parse/?thread=0&proxy=proxy&url=",
            "searchable": 1,
            "changeable": 1,
            "categories": [
                "日本动漫",
                "国产动漫",
                "欧美动漫",
                "国产剧",
                "韩剧",
                "日剧",
                "台剧",
                "泰剧",
                "港剧",
                "欧美剧",
                "动画电影",
                "韩国综艺",
                "国产综艺",
                "日本综艺",
                "欧美综艺",
                "冒险片",
                "剧情片",
                "动作片",
                "同性片",
                "喜剧片",
                "奇幻片",
                "恐怖片",
                "悬疑片",
                "惊悚片",
                "战争片",
                "歌舞片",
                "灾难片",
                "爱情片",
                "犯罪片",
                "科幻片",
                "纪录片",
                "经典片"
            ]
        },
        {
            "key": "ikun",
            "name": "ikun",
            "type": 1,
            "api": "http://127.0.0.1:10079/p/0/proxy/https://ikunzyapi.com/api.php/provide/vod/?",
            "playUrl": "json:http://127.0.0.1:10079/parse/?thread=0&proxy=proxy&url=",
            "playerType": 1,
            "searchable": 1,
            "changeable": 1
        },
        {
            "key": "飞速资源",
            "name": "飞速资源",
            "type": 1,
            "api": "http://127.0.0.1:10079/p/0/proxy/http://fszy1.com/api.php/provide/vod/?",
            "playUrl": "json:http://127.0.0.1:10079/parse/?thread=0&proxy=proxy&url=",
            "playerType": 1,
            "searchable": 1,
            "changeable": 1
        },
        {
            "key": "暴風",
            "name": "暴風",
            "type": 1,
            "api": "http://127.0.0.1:10079/p/0/proxy/https://bfzyapi.com/api.php/provide/vod?",
            "playUrl": "json:http://127.0.0.1:10079/parse/?thread=0&proxy=proxy&url=",
            "searchable": 1,
            "changeable": 1
        },
        {
            "key": "索尼",
            "name": "索尼 ",
            "type": 1,
            "api": "http://127.0.0.1:10079/p/0/proxy/https://suoniapi.com/api.php/provide/vod?",
            "playUrl": "json:http://127.0.0.1:10079/parse/?thread=0&proxy=proxy&url=",
            "searchable": 1,
            "changeable": 1
        },
        {
            "key": "快帆",
            "name": "快帆",
            "type": 1,
            "api": "http://127.0.0.1:10079/p/0/proxy/https://api.kuaifan.tv/api.php/provide/vod?",
            "playUrl": "json:http://127.0.0.1:10079/parse/?thread=0&proxy=proxy&url=",
            "searchable": 1,
            "changeable": 1
        },
        {
            "key": "量子",
            "name": "量子",
            "type": 1,
            "api": "http://127.0.0.1:10079/p/0/proxy/http://cj.lziapi.com/api.php/provide/vod/?",
            "playUrl": "json:http://127.0.0.1:10079/parse/?thread=0&proxy=proxy&url=",
            "playerType": 1,
            "searchable": 1,
            "changeable": 1
        },
        {
            "key": "非凡",
            "name": "非凡",
            "type": 1,
            "api": "http://127.0.0.1:10079/p/0/proxy/http://cj.ffzyapi.com/api.php/provide/vod/?",
            "playUrl": "json:http://127.0.0.1:10079/parse/?thread=0&proxy=proxy&url=",
            "playerType": 1,
            "searchable": 1,
            "changeable": 1,
            "categories": [
                "国产动漫",
                "日韩动漫",
                "国产剧",
                "韩国剧",
                "日本剧",
                "电影片",
                "连续剧",
                "综艺片",
                "动漫片",
                "动作片",
                "喜剧片",
                "爱情片",
                "科幻片",
                "恐怖片",
                "剧情片",
                "战争片",
                "香港剧",
                "欧美剧",
                "记录片",
                "台湾剧",
                "海外剧",
                "泰国剧",
                "大陆综艺",
                "港台综艺",
                "日韩综艺",
                "欧美综艺",
                "欧美动漫",
                "港台动漫",
                "海外动漫"
            ]
        },
        {
            "key": "櫻花",
            "name": "櫻花",
            "type": 3,
            "api": "csp_Ying",
            "searchable": 1,
            "changeable": 0
        },
        {
            "key": "巴士",
            "name": "巴士",
            "type": 3,
            "api": "csp_Dm84",
            "searchable": 1,
            "changeable": 0
        },
        {
            "key": "異界",
            "name": "異界",
            "type": 3,
            "api": "csp_Ysj",
            "searchable": 1,
            "changeable": 0
        },
        {
            "key": "短剧",
            "name": "短剧",
            "type": 3,
            "api": "csp_Duanju",
            "searchable": 0,
            "changeable": 1,
            "ext": "https://www.duanjutv.icu"
        },
        {
            "key": "drpy_js_Alist",
            "name": "网盘 | Alist[js]",
            "type": 3,
            "api": "./lib/alist.min.js",
            "searchable": 1,
            "filterable": 1,
            "changeable": 1,
            "ext": "./js/alist.json"
        },
        {
            "key": "MV_vod",
            "name": "电视┃MTV",
            "type": 1,
            "api": "https://mv.wogg.link/mv/vod",
            "searchable": 1,
            "quickSearch": 0,
            "changeable": 0
        },
        {
            "key": "酷狗",
            "name": "酷狗",
            "type": 3,
            "api": "csp_Kugou",
            "searchable": 1,
            "changeable": 0
        },
        {
            "key": "hipy_js_KTV歌厅[听]1",
            "name": "🎤KTV歌厅在线",
            "type": 3,
            "api": "http://kxrj.site:55/lib/drpy2.min.js",
            "searchable": 1,
            "quickSearch": 1,
            "filterable": 1,
            "order_num": 0,
            "ext": "http://kxrj.site:55/lib/js/KTV歌厅[听].js"
        },
        {
            "key": "Yinyuetai",
            "name": "音悦台",
            "type": 3,
            "api": "csp_Yinyuetai",
            "searchable": 1,
            "changeable": 0
        },
        {
            "key": "push_agent",
            "name": "推送",
            "type": 3,
            "api": "csp_Push",
            "changeable": 0,
            "timeout": 30,
            "ext": "./lib/tokenm.json"
        },
        {
            "key": "應用商店",
            "name": "應用商店",
            "type": 3,
            "api": "csp_Market",
            "searchable": 0,
            "changeable": 0,
            "ext": "https://fm.t4tv.hz.cz/json/market.json"
        },
        {
            "key": "直播转点播",
            "name": "🐼️┃电视┃直播",
            "type": 3,
            "searchable": 0,
            "api": "./lib/live2vod.js",
            "ext": "./lib/feimaolive.json"
        }
    ],
    "lives": [
        {
            "name": "最强国内直播(合并版)",
            "type": 0,
            "url": "http://127.0.0.1:10079/c/3600/null/http://127.0.0.1:35456/all.m3u",
            "ua": "okhttp/3.15",
            "epg": "http://127.0.0.1:10079/p/0/proxy/http://epg.112114.xyz/?ch={name}&date={date}",
            "logo": "http://127.0.0.1:10079/p/0/proxy/https://epg.112114.xyz/logo/{name}.png",
            "catchup": {
                "type": "append",
                "source": "?livemode=4&starttime=${(b)yyyyMMdd'T'HHmm}00.00Z&endtime=${(e)yyyyMMdd'T'HHmm}00.00Z"
            }
        },
        {
            "name": "最强国内直播",
            "type": 0,
            "url": "http://127.0.0.1:10079/c/3600/null/http://127.0.0.1:35456/tv.m3u",
            "ua": "okhttp/3.15",
            "epg": "http://127.0.0.1:10079/p/0/proxy/http://epg.112114.xyz/?ch={name}&date={date}",
            "logo": "http://127.0.0.1:10079/p/0/proxy/https://epg.112114.xyz/logo/{name}.png",
            "catchup": {
                "type": "append",
                "source": "?livemode=4&starttime=${(b)yyyyMMdd'T'HHmm}00.00Z&endtime=${(e)yyyyMMdd'T'HHmm}00.00Z"
            }
        },
        {
            "name": "最强国内直播(-1天回看)",
            "type": 0,
            "url": "http://127.0.0.1:10079/c/3600/null/http://127.0.0.1:35456/tv.m3u",
            "ua": "okhttp/3.15",
            "epg": "http://127.0.0.1:10079/p/0/proxy/http://epg.112114.xyz/?ch={name}&date=DATE1SUB",
            "logo": "http://127.0.0.1:10079/p/0/proxy/https://epg.112114.xyz/logo/{name}.png",
            "catchup": {
                "type": "append",
                "source": "?livemode=4&starttime=${(b)yyyyMMdd'T'HHmm}00.00Z&endtime=${(e)yyyyMMdd'T'HHmm}00.00Z"
            }
        },
        {
            "name": "BIPTV(IPV6)",
            "type": 0,
            "url": "./lib/biptv.txt",
            "ua": "okhttp/3.15",
            "epg": "http://127.0.0.1:10079/p/0/proxy/http://epg.112114.xyz/?ch={name}&date={date}",
            "logo": "http://127.0.0.1:10079/p/0/proxy/https://epg.112114.xyz/logo/{name}.png"
        },
        {
            "name": "FMM.m3u",
            "type": 0,
            "url": "http://127.0.0.1:10079/c/3600/proxy/https://raw.githubusercontent.com/fanmingming/live/refs/heads/main/tv/m3u/ipv6.m3u",
            "ua": "okhttp/3.15",
            "epg": "http://127.0.0.1:10079/p/0/proxy/http://epg.112114.xyz/?ch={name}&date={date}",
            "logo": "http://127.0.0.1:10079/p/0/proxy/https://epg.112114.xyz/logo/{name}.png"
        },
        {
            "name": "FMM.m3u(-1天回看)",
            "type": 0,
            "url": "http://127.0.0.1:10079/c/3600/proxy/https://raw.githubusercontent.com/fanmingming/live/refs/heads/main/tv/m3u/ipv6.m3u",
            "ua": "okhttp/3.15",
            "epg": "http://127.0.0.1:10079/p/0/proxy/http://epg.112114.xyz/?ch={name}&date=DATE1SUB",
            "logo": "http://127.0.0.1:10079/p/0/proxy/https://epg.112114.xyz/logo/{name}.png"
        },
        {
            "name": "FMM.m3u(-2天回看)",
            "type": 0,
            "url": "http://127.0.0.1:10079/c/3600/proxy/https://raw.githubusercontent.com/fanmingming/live/refs/heads/main/tv/m3u/ipv6.m3u",
            "ua": "okhttp/3.15",
            "epg": "http://127.0.0.1:10079/p/0/proxy/http://epg.112114.xyz/?ch={name}&date=DATE2SUB",
            "logo": "http://127.0.0.1:10079/p/0/proxy/https://epg.112114.xyz/logo/{name}.png"
        },
        {
            "name": "FMM.m3u(-3天回看)",
            "type": 0,
            "url": "http://127.0.0.1:10079/c/3600/proxy/https://raw.githubusercontent.com/fanmingming/live/refs/heads/main/tv/m3u/ipv6.m3u",
            "ua": "okhttp/3.15",
            "epg": "http://127.0.0.1:10079/p/0/proxy/http://epg.112114.xyz/?ch={name}&date=DATE3SUB",
            "logo": "http://127.0.0.1:10079/p/0/proxy/https://epg.112114.xyz/logo/{name}.png"
        },
        {
            "name": "FMM.m3u(-4天回看)",
            "type": 0,
            "url": "http://127.0.0.1:10079/c/3600/proxy/https://raw.githubusercontent.com/fanmingming/live/refs/heads/main/tv/m3u/ipv6.m3u",
            "ua": "okhttp/3.15",
            "epg": "http://127.0.0.1:10079/p/0/proxy/http://epg.112114.xyz/?ch={name}&date=DATE4SUB",
            "logo": "http://127.0.0.1:10079/p/0/proxy/https://epg.112114.xyz/logo/{name}.png"
        },
        {
            "name": "FMM.m3u(-5天回看)",
            "type": 0,
            "url": "http://127.0.0.1:10079/c/3600/proxy/https://raw.githubusercontent.com/fanmingming/live/refs/heads/main/tv/m3u/ipv6.m3u",
            "ua": "okhttp/3.15",
            "epg": "http://127.0.0.1:10079/p/0/proxy/http://epg.112114.xyz/?ch={name}&date=DATE5SUB",
            "logo": "http://127.0.0.1:10079/p/0/proxy/https://epg.112114.xyz/logo/{name}.png"
        },
        {
            "name": "FMM.m3u(-6天回看)",
            "type": 0,
            "url": "http://127.0.0.1:10079/c/3600/proxy/https://raw.githubusercontent.com/fanmingming/live/refs/heads/main/tv/m3u/ipv6.m3u",
            "ua": "okhttp/3.15",
            "epg": "http://127.0.0.1:10079/p/0/proxy/http://epg.112114.xyz/?ch={name}&date=DATE6SUB",
            "logo": "http://127.0.0.1:10079/p/0/proxy/https://epg.112114.xyz/logo/{name}.png"
        },
        {
            "name": "肥羊MG赛事直播",
            "type": 0,
            "url": "http://127.0.0.1:10079/c/60/null/http://127.0.0.1:35456/miguevent.m3u",
            "ua": "okhttp/3.15",
            "epg": "http://127.0.0.1:10079/p/0/proxy/http://epg.112114.xyz/?ch={name}&date={date}",
            "logo": "http://127.0.0.1:10079/p/0/proxy/https://epg.112114.xyz/logo/{name}.png"
        },
        {
            "name": "肥羊TX赛事直播",
            "type": 0,
            "url": "http://127.0.0.1:10079/c/60/null/http://127.0.0.1:35456/txevent.m3u",
            "ua": "okhttp/3.15",
            "epg": "http://127.0.0.1:10079/p/0/proxy/http://epg.112114.xyz/?ch={name}&date={date}",
            "logo": "http://127.0.0.1:10079/p/0/proxy/https://epg.112114.xyz/logo/{name}.png"
        },
        {
            "name": "肥羊QY赛事直播",
            "type": 0,
            "url": "http://127.0.0.1:10079/c/60/null/http://127.0.0.1:35456/iqyevent.m3u",
            "ua": "okhttp/3.15",
            "epg": "http://127.0.0.1:10079/p/0/proxy/http://epg.112114.xyz/?ch={name}&date={date}",
            "logo": "http://127.0.0.1:10079/p/0/proxy/https://epg.112114.xyz/logo/{name}.png"
        },
        {
            "name": "肥羊B站直播",
            "type": 0,
            "url": "http://127.0.0.1:10079/c/3600/null/http://127.0.0.1:35456/bililive.m3u",
            "ua": "okhttp/3.15",
            "epg": "http://127.0.0.1:10079/p/0/proxy/http://epg.112114.xyz/?ch={name}&date={date}",
            "logo": "http://127.0.0.1:10079/p/0/proxy/https://epg.112114.xyz/logo/{name}.png"
        },
        {
            "name": "肥羊虎牙一起看",
            "type": 0,
            "url": "http://127.0.0.1:10079/c/3600/null/http://127.0.0.1:35456/huyayqk.m3u",
            "ua": "okhttp/3.15",
            "epg": "http://127.0.0.1:10079/p/0/proxy/http://epg.112114.xyz/?ch={name}&date={date}",
            "logo": "http://127.0.0.1:10079/p/0/proxy/https://epg.112114.xyz/logo/{name}.png"
        },
        {
            "name": "肥羊斗鱼一起看",
            "type": 0,
            "url": "http://127.0.0.1:10079/c/3600/null/http://127.0.0.1:35456/douyuyqk.m3u",
            "ua": "okhttp/3.15",
            "epg": "http://127.0.0.1:10079/p/0/proxy/http://epg.112114.xyz/?ch={name}&date={date}",
            "logo": "http://127.0.0.1:10079/p/0/proxy/https://epg.112114.xyz/logo/{name}.png"
        },
        {
            "name": "肥羊YY轮播",
            "type": 0,
            "url": "http://127.0.0.1:10079/c/3600/null/http://127.0.0.1:35456/yylunbo.m3u",
            "ua": "okhttp/3.15",
            "epg": "http://127.0.0.1:10079/p/0/proxy/http://epg.112114.xyz/?ch={name}&date={date}",
            "logo": "http://127.0.0.1:10079/p/0/proxy/https://epg.112114.xyz/logo/{name}.png"
        },
        {
            "name": "YTB直播",
            "type": 0,
            "url": "./lib/ytblive.m3u",
            "ua": "okhttp/3.15",
            "epg": "http://127.0.0.1:10079/p/0/proxy/http://epg.112114.xyz/?ch={name}&date={date}",
            "logo": "http://127.0.0.1:10079/p/0/proxy/https://epg.112114.xyz/logo/{name}.png"
        },
        {
            "name": "AKTV.电视直播",
            "type": 0,
            "url": "http://aktv.top/live.m3u",
            "ua": "okhttp/3.15",
            "epg": "http://127.0.0.1:10079/p/0/proxy/http://epg.112114.xyz/?ch={name}&date={date}",
            "logo": "http://127.0.0.1:10079/p/0/proxy/https://epg.112114.xyz/logo/{name}.png"
        },
        {
            "name": "Gather.电视直播",
            "type": 0,
            "url": "https://tv.iill.top/m3u/Gather",
            "ua": "okhttp/3.15",
            "epg": "http://127.0.0.1:10079/p/0/proxy/http://epg.112114.xyz/?ch={name}&date={date}",
            "logo": "http://127.0.0.1:10079/p/0/proxy/https://epg.112114.xyz/logo/{name}.png"
        },
        {
            "name": "Gather.网络直播",
            "type": 0,
            "url": "https://tv.iill.top/m3u/Live",
            "ua": "okhttp/3.15",
            "epg": "http://127.0.0.1:10079/p/0/proxy/http://epg.112114.xyz/?ch={name}&date={date}",
            "logo": "http://127.0.0.1:10079/p/0/proxy/https://epg.112114.xyz/logo/{name}.png"
        },
        {
            "name": "FMM.txt",
            "type": 0,
            "url": "http://127.0.0.1:10079/c/3600/proxy/https://fanmingming.com/txt?url=https://live.fanmingming.cn/tv/m3u/ipv6.m3u",
            "ua": "okhttp/3.15",
            "epg": "http://127.0.0.1:10079/p/0/proxy/http://epg.112114.xyz/?ch={name}&date={date}",
            "logo": "http://127.0.0.1:10079/p/0/proxy/https://epg.112114.xyz/logo/{name}.png"
        },
        {
            "name": "zouming.ipv6",
            "type": 0,
            "url": "http://127.0.0.1:10079/c/3600/proxy/http://ww.zouming.com/ipv6.txt",
            "ua": "okhttp/3.15",
            "epg": "http://127.0.0.1:10079/p/0/proxy/http://epg.112114.xyz/?ch={name}&date={date}",
            "logo": "http://127.0.0.1:10079/p/0/proxy/https://epg.112114.xyz/logo/{name}.png"
        },
        {
            "name": "YTLive",
            "type": 0,
            "url": "./lib/yo21.txt"
        },
        {
            "group": "redirect",
            "channels": [
                {
                    "name": "redirect",
                    "urls": [
                        "proxy://do=live&type=live&proxy=&url="
                    ]
                }
            ]
        }
    ],
    "doh": [
        {
            "name": "Google",
            "url": "https://dns.google/dns-query",
            "ips": [
                "8.8.4.4",
                "8.8.8.8"
            ]
        },
        {
            "name": "Cloudflare",
            "url": "https://cloudflare-dns.com/dns-query",
            "ips": [
                "1.1.1.1",
                "1.0.0.1",
                "2606:4700:4700::1111",
                "2606:4700:4700::1001"
            ]
        },
        {
            "name": "AdGuard",
            "url": "https://dns.adguard.com/dns-query",
            "ips": [
                "94.140.14.140",
                "94.140.14.141"
            ]
        },
        {
            "name": "DNSWatch",
            "url": "https://resolver2.dns.watch/dns-query",
            "ips": [
                "84.200.69.80",
                "84.200.70.40"
            ]
        },
        {
            "name": "Quad9",
            "url": "https://dns.quad9.net/dns-quer",
            "ips": [
                "9.9.9.9",
                "149.112.112.112"
            ]
        }
    ],
    "proxy": [
        "raw.githubusercontent.com",
        "googlevideo.com",
        "cdn.v82u1l.com",
        "cdn.iz8qkg.com",
        "cdn.kin6c1.com",
        "c.biggggg.com",
        "c.olddddd.com",
        "haiwaikan.com",
        "www.histar.tv",
        "youtube.com",
        "uhibo.com",
        ".*boku.*",
        ".*nivod.*",
        ".*ulivetv.*"
    ],
    "hosts": [
        "cache.ott.ystenlive.itv.cmvideo.cn=base-v4-free-mghy.e.cdn.chinamobile.com",
        "cache.ott.bestlive.itv.cmvideo.cn=base-v4-free-mghy.e.cdn.chinamobile.com",
        "cache.ott.wasulive.itv.cmvideo.cn=base-v4-free-mghy.e.cdn.chinamobile.com",
        "cache.ott.fifalive.itv.cmvideo.cn=base-v4-free-mghy.e.cdn.chinamobile.com",
        "cache.ott.hnbblive.itv.cmvideo.cn=base-v4-free-mghy.e.cdn.chinamobile.com"
    ],
    "rules": [
        {
            "name": "proxy",
            "hosts": [
                "raw.githubusercontent.com",
                "googlevideo.com",
                "cdn.v82u1l.com",
                "cdn.iz8qkg.com",
                "cdn.kin6c1.com",
                "c.biggggg.com",
                "c.olddddd.com",
                "haiwaikan.com",
                "www.histar.tv",
                "youtube.com",
                "uhibo.com",
                ".*boku.*",
                ".*nivod.*",
                "*.t4tv.hz.cz",
                ".*ulivetv.*"
            ]
        },
        {
            "host": "www.djuu.com",
            "rule": [
                "mp4.djuu.com",
                "m4a"
            ]
        },
        {
            "host": "www.sharenice.net",
            "rule": [
                "huoshan.com",
                "/item/video/"
            ],
            "filter": []
        },
        {
            "host": "www.sharenice.net",
            "rule": [
                "sovv.qianpailive.com",
                "vid="
            ],
            "filter": []
        },
        {
            "host": "www.sharenice.net",
            "rule": [
                "douyin.com",
                "/play/"
            ]
        },
        {
            "host": "m.ysxs8.vip",
            "rule": [
                "ysting.ysxs8.vip:81",
                "xmcdn.com"
            ],
            "filter": []
        },
        {
            "host": "hdmoli.com",
            "rule": [
                ".m3u8"
            ]
        },
        {
            "host": "https://api.live.bilibili.com",
            "rule": [
                "bilivideo.com",
                "/index.m3u8"
            ],
            "filter": [
                "data.bilibili.com/log/web",
                "i0.hdslb.com/bfs/live/"
            ]
        },
        {
            "host": "www.agemys.cc",
            "rule": [
                "cdn-tos",
                "obj/tos-cn"
            ]
        },
        {
            "host": "www.fun4k.com",
            "rule": [
                "https://hd.ijycnd.com/play",
                "index.m3u8"
            ]
        },
        {
            "host": "zjmiao.com",
            "rule": [
                "play.videomiao.vip/API.php",
                "time=",
                "key=",
                "path="
            ]
        },
        {
            "name": "火山嗅探",
            "hosts": [
                "huoshan.com"
            ],
            "regex": [
                "item_id="
            ]
        },
        {
            "name": "抖音嗅探",
            "hosts": [
                "douyin.com"
            ],
            "regex": [
                "is_play_url="
            ]
        },
        {
            "name": "農民嗅探",
            "hosts": [
                "toutiaovod.com"
            ],
            "regex": [
                "video/tos/cn"
            ]
        },
        {
            "name": "夜市",
            "hosts": [
                "yeslivetv.com"
            ],
            "script": [
                "document.getElementsByClassName('vjs-big-play-button')[0].click()"
            ]
        },
        {
            "name": "毛驢",
            "hosts": [
                "www.maolvys.com"
            ],
            "script": [
                "document.getElementsByClassName('swal-button swal-button--confirm')[0].click()"
            ]
        },
        {
            "name": "磁力广告",
            "hosts": [
                "magnet"
            ],
            "regex": [
                "更多",
                "社 區",
                "x u u",
                "最 新",
                "直 播",
                "更 新",
                "社 区",
                "有 趣",
                "英皇体育",
                "全中文AV在线",
                "澳门皇冠赌场",
                "哥哥快来",
                "美女荷官",
                "裸聊",
                "新片首发",
                "UUE29"
            ]
        }
    ],
    "parses": [],
    "flags": [
        "youku",
        "qq",
        "iqiyi",
        "qiyi",
        "letv",
        "sohu",
        "tudou",
        "pptv",
        "mgtv",
        "wasu"
    ],
    "wallpaper": "http://饭太硬.top/深色壁纸/api.php",
    "disabled_wallpaper": "http://www.kf666888.cn/api/tvbox/img"
}