{
  "class":[
    {
      "type_name": "时下流行-刚刚发布视频",
      "type_id": "时下流行-刚刚发布视频"
    },
    {
      "type_name": "近期热门视频",
      "type_id": "时下流行-近期热门视频"
    },
    {
      "type_id":"LIST:HDR,Girls HDR,Landscape HDR,Walk HDR",
      "type_name":"HDR"
    },
    {
      "type_id":"LIST:华语音乐,华语MV,点击率最高",
      "type_name":"音樂"
    },
    {
      "type_id":"LIST:综艺,芒果综艺,腾讯综艺,爱奇艺综艺,优酷综艺,卫视综艺",
      "type_name":"綜藝"
    },
    {
      "type_id":"LIST:紀錄片,历史纪录片,自然纪录片,宇宙纪录片",
      "type_name":"紀錄片"
    },
    {
      "type_id":"LIST:新闻 Live,体育直播,赛事直播",
      "type_name":"新聞直播"
    },
    {
      "type_id":"演示片",
      "type_name":"演示片"
    },
    {
      "type_id":"短劇",
      "type_name":"短劇"
    },
    {
      "type_id":"LIST:剧集,腾讯剧集,爱奇艺剧集,优酷剧集,芒果剧集,TVB",
      "type_name":"劇集"
    },
    {
      "type_id":"電影",
      "type_name":"電影"
    },
    {
      "type_id":"體育",
      "type_name":"體育"
    },
    {
      "type_id":"時尚潮流",
      "type_name":"時尚潮流"
    },
    {
      "type_id":"放松",
      "type_name":"放松"
    },
    {
      "type_id":"4K",
      "type_name":"4K"
    },
    {
      "type_id":"宇宙",
      "type_name":"科普知識"
    },
    {
      "type_id":"科技",
      "type_name":"科技"
    },
    {
      "type_id":"解說",
      "type_name":"解說"
    },
    {
      "type_id":"神秘",
      "type_name":"神秘"
    },
    {
      "type_id":"动画片",
      "type_name":"动画片"
    }
  ],
  "filters":{
    "短劇":[
      {
        "key":"time",
        "name":"時間",
        "value":[
          {"n":"時間全選","v":""},
          {"n":"2024","v":"2024"},
          {"n":"2023","v":"2023"},
          {"n":"2022","v":"2022"},
          {"n":"2021","v":"2021"},
          {"n":"2020","v":"2020"},
          {"n":"2019","v":"2019"},
          {"n":"2018","v":"2018"},
          {"n":"2017","v":"2017"},
          {"n":"2016","v":"2016"},
          {"n":"2015","v":"2015"},
          {"n":"2014","v":"2014"},
          {"n":"2013","v":"2013"},
          {"n":"2012","v":"2012"},
          {"n":"2011","v":"2011"},
          {"n":"2010","v":"2010"},
          {"n":"2009","v":"2009"},
          {"n":"2008","v":"2008"},
          {"n":"2007","v":"2007"},
          {"n":"2006","v":"2006"},
          {"n":"2005","v":"2005"},
          {"n":"2004","v":"2004"},
          {"n":"2003","v":"2003"},
          {"n":"2002","v":"2002"},
          {"n":"2001","v":"2001"},
          {"n":"2000","v":"2000"},
          {"n":"1999","v":"1999"},
          {"n":"1998","v":"1998"},
          {"n":"1997","v":"1997"},
          {"n":"1996","v":"1996"},
          {"n":"1995","v":"1995"},
          {"n":"1994","v":"1994"},
          {"n":"1993","v":"1993"},
          {"n":"1992","v":"1992"},
          {"n":"1991","v":"1991"},
          {"n":"1990","v":"1990"},
          {"n":"1989","v":"1989"},
          {"n":"1988","v":"1988"},
          {"n":"1987","v":"1987"},
          {"n":"1986","v":"1986"},
          {"n":"1985","v":"1985"},
          {"n":"1984","v":"1984"},
          {"n":"1983","v":"1983"},
          {"n":"1982","v":"1982"},
          {"n":"1981","v":"1981"},
          {"n":"1980","v":"1980"},
          {"n":"1979","v":"1979"},
          {"n":"1978","v":"1978"},
          {"n":"1977","v":"1977"},
          {"n":"1976","v":"1976"},
          {"n":"1975","v":"1975"},
          {"n":"1974","v":"1974"},
          {"n":"1973","v":"1973"},
          {"n":"1972","v":"1972"},
          {"n":"1971","v":"1971"},
          {"n":"1970","v":"1970"},
          {"n":"1969","v":"1969"},
          {"n":"1968","v":"1968"},
          {"n":"1967","v":"1967"},
          {"n":"1966","v":"1966"},
          {"n":"1965","v":"1965"},
          {"n":"1964","v":"1964"},
          {"n":"1963","v":"1963"},
          {"n":"1962","v":"1962"},
          {"n":"1961","v":"1961"},
          {"n":"1960","v":"1960"},
          {"n":"1959","v":"1959"},
          {"n":"1958","v":"1958"}
        ]
      },
      {
        "key":"tid",
        "name":"短劇",
        "value":[
          {"n":"抖音","v":"抖音 短剧"},
          {"n":"快手","v":"快手 短剧"},
          {"n":"大陆","v":"大陆 短剧"},
          {"n":"香港","v":"香港 短剧"},
          {"n":"澳門","v":"澳門 短剧"},
          {"n":"台湾","v":"台湾 短剧"},
          {"n":"新加坡","v":"新加坡 短剧"},
          {"n":"馬來西亞","v":"馬來西亞 短剧"},
          {"n":"泰國","v":"泰國 短剧"},
          {"n":"越南","v":"越南 短剧"},
          {"n":"印度","v":"印度 短剧"},
          {"n":"韩国","v":"韩国 短剧"},
          {"n":"日本","v":"日本 短剧"},
          {"n":"欧美","v":"欧美 短剧"},
          {"n":"腾讯","v":"腾讯 短剧"},
          {"n":"爱奇艺","v":"爱奇艺 短剧"},
          {"n":"优酷","v":"优酷 短剧"},
          {"n":"芒果","v":"芒果TV 短剧"},
          {"n":"搜狐","v":"搜狐 短剧"}
        ]
      },
      {
        "key":"tid",
        "name":"短劇",
        "value":[
          {"n":"都市","v":"@Urbanshort-TV 都市 短劇"},
          {"n":"爱情","v":"爱情 短劇"},
          {"n":"复仇","v":"复仇 短劇"},
          {"n":"穿越","v":"穿越 短劇"},
          {"n":"喜剧","v":"喜剧 短劇"},
          {"n":"奇幻","v":"奇幻 短劇"},
          {"n":"九酱爱追剧","v":"@NineSauceDramaTV"},
          {"n":"百万好剧场","v":"@1-pw5ox"},
          {"n":"咖啡追剧","v":"@@coffeedrama605"},
          {"n":"斗罗短剧","v":"@DouluoDrama123 斗羅短劇"},
          {"n":"嘟嘟剧场","v":"@DUDUJUCHANG"},
          {"n":"牛牛短剧","v":"@niuniuduanju"}
        ]
      }
    ],
    "動畫片":[
      {
        "key":"time",
        "name":"時間",
        "value":[
          {"n":"時間全選","v":""},
          {"n":"2024","v":"2024"},
          {"n":"2023","v":"2023"},
          {"n":"2022","v":"2022"},
          {"n":"2021","v":"2021"},
          {"n":"2020","v":"2020"},
          {"n":"2019","v":"2019"},
          {"n":"2018","v":"2018"},
          {"n":"2017","v":"2017"},
          {"n":"2016","v":"2016"},
          {"n":"2015","v":"2015"},
          {"n":"2014","v":"2014"},
          {"n":"2013","v":"2013"},
          {"n":"2012","v":"2012"},
          {"n":"2011","v":"2011"},
          {"n":"2010","v":"2010"},
          {"n":"2009","v":"2009"},
          {"n":"2008","v":"2008"},
          {"n":"2007","v":"2007"},
          {"n":"2006","v":"2006"},
          {"n":"2005","v":"2005"},
          {"n":"2004","v":"2004"},
          {"n":"2003","v":"2003"},
          {"n":"2002","v":"2002"},
          {"n":"2001","v":"2001"},
          {"n":"2000","v":"2000"},
          {"n":"1999","v":"1999"},
          {"n":"1998","v":"1998"},
          {"n":"1997","v":"1997"},
          {"n":"1996","v":"1996"},
          {"n":"1995","v":"1995"},
          {"n":"1994","v":"1994"},
          {"n":"1993","v":"1993"},
          {"n":"1992","v":"1992"},
          {"n":"1991","v":"1991"},
          {"n":"1990","v":"1990"},
          {"n":"1989","v":"1989"},
          {"n":"1988","v":"1988"},
          {"n":"1987","v":"1987"},
          {"n":"1986","v":"1986"},
          {"n":"1985","v":"1985"},
          {"n":"1984","v":"1984"},
          {"n":"1983","v":"1983"},
          {"n":"1982","v":"1982"},
          {"n":"1981","v":"1981"},
          {"n":"1980","v":"1980"},
          {"n":"1979","v":"1979"},
          {"n":"1978","v":"1978"},
          {"n":"1977","v":"1977"},
          {"n":"1976","v":"1976"},
          {"n":"1975","v":"1975"},
          {"n":"1974","v":"1974"},
          {"n":"1973","v":"1973"},
          {"n":"1972","v":"1972"},
          {"n":"1971","v":"1971"},
          {"n":"1970","v":"1970"},
          {"n":"1969","v":"1969"},
          {"n":"1968","v":"1968"},
          {"n":"1967","v":"1967"},
          {"n":"1966","v":"1966"},
          {"n":"1965","v":"1965"},
          {"n":"1964","v":"1964"},
          {"n":"1963","v":"1963"},
          {"n":"1962","v":"1962"},
          {"n":"1961","v":"1961"},
          {"n":"1960","v":"1960"},
          {"n":"1959","v":"1959"},
          {"n":"1958","v":"1958"}
        ]
      },
      {
        "key":"tid",
        "name":"中文",
        "value":[
          {"n":"默认中文国漫","v":"國漫 劇集 3D"},
          {"n":"默认","v":"animation"},
          {"n":"儿童早教","v":"儿童早教"},
          {"n":"儿童歌曲","v":"儿童歌曲"},
          {"n":"儿童音乐","v":"儿童音乐"},
          {"n":"儿童绘画","v":"儿童绘画"},
          {"n":"宝宝巴士","v":"宝宝巴士"},
          {"n":"儿歌多多","v":"儿歌多多"},
          {"n":"儿童英语启蒙","v":"儿童英语启蒙"},
          {"n":"儿童启蒙故事","v":"儿童启蒙故事"},
          {"n":"儿童安全教育","v":"儿童安全教育"}
        ]
      },
      {
        "key":"tid",
        "name":"English",
        "value":[
          {"n":"默认英文国漫","v":"3D Chinese cartoon"},
          {"n":"小猪佩奇","v":"@PeppaPigChineseOfficial 小猪佩奇 中文官方 - Peppa Pig"},
          {"n":"CoComelon","v":"@CoComelon"},
          {"n":"合集","v":"Anime ENG SUB 合集"},
          {"n":"国漫社","v":"@Animation  次元 苍穹动漫 PP看动漫 公馆"},
          {"n":"国漫工厂","v":"@3DGuoman  SUB"},
          {"n":"阅文动漫","v":"@yuewenanimation  SUB"},
          {"n":"哔哩","v":"@madebybilibili  哔哩动漫"},
          {"n":"腾讯","v":"@TencentVideoAnimation SUB"},
          {"n":"优酷","v":"@youkuanimation 优酷动漫"},
          {"n":"爱奇艺","v":"@iQIYIAnime 爱奇艺动漫"}
        ]
      }
    ],
    "LIST:新闻 Live,体育直播,赛事直播":[
      {
        "key":"tid",
        "name":"中文",
        "value":[
          {"n":"默认","v":"fully YouTube 新聞 Live"},
          {"n":"赛事","v":"直播 赛事"},
          {"n":"CCTV","v":"直播 CCTV"},
          {"n":"港台","v":"直播 港台"}
        ]
      },
      {
        "key":"tid",
        "name":"English",
        "value":[
          {"n":"Live","v":"live"},
          {"n":"CNN","v":"live CNN"},
          {"n":"BBC","v":"live BBC"},
          {"n":"games","v":"live games"},
          {"n":"印度電視台","v":"@SETIndia"}
        ]
      },
      {
        "key":"tid",
        "name":"中文",
        "value":[
          {"n":"默认","v":"News"},
          {"n":"时政","v":"时政 新闻"},
          {"n":"体育","v":"体育 新闻"},
          {"n":"娱乐","v":"娱乐 新闻"},
          {"n":"大陆","v":"大陆 新闻"},
          {"n":"港台","v":"港台 新闻"}
        ]
      },
      {
        "key":"tid",
        "name":"English",
        "value":[
          {"n":"科技與發展","v":"閱兵 奧運會 航母 航空母艦 潛水艇 核武器 坦克 武器 卫星 火箭 輪船 飛機 飛碟"},
          {"n":"法治与社会","v":"法治 法制 社会 卖淫 淫秽 污蔑 赌博 毒品 裸聊 诈骗 拐卖 强奸 勒索"},
          {"n":"News","v":"News"},
          {"n":"CNN","v":"CNN news"},
          {"n":"BBC","v":"BBC news"}
        ]
      }
    ],
    "LIST:剧集,腾讯剧集,爱奇艺剧集,优酷剧集,芒果剧集,TVB":[
      {
        "key":"time",
        "name":"時間",
        "value":[
          {"n":"時間全選","v":""},
          {"n":"2024","v":"2024"},
          {"n":"2023","v":"2023"},
          {"n":"2022","v":"2022"},
          {"n":"2021","v":"2021"},
          {"n":"2020","v":"2020"},
          {"n":"2019","v":"2019"},
          {"n":"2018","v":"2018"},
          {"n":"2017","v":"2017"},
          {"n":"2016","v":"2016"},
          {"n":"2015","v":"2015"},
          {"n":"2014","v":"2014"},
          {"n":"2013","v":"2013"},
          {"n":"2012","v":"2012"},
          {"n":"2011","v":"2011"},
          {"n":"2010","v":"2010"},
          {"n":"2009","v":"2009"},
          {"n":"2008","v":"2008"},
          {"n":"2007","v":"2007"},
          {"n":"2006","v":"2006"},
          {"n":"2005","v":"2005"},
          {"n":"2004","v":"2004"},
          {"n":"2003","v":"2003"},
          {"n":"2002","v":"2002"},
          {"n":"2001","v":"2001"},
          {"n":"2000","v":"2000"},
          {"n":"1999","v":"1999"},
          {"n":"1998","v":"1998"},
          {"n":"1997","v":"1997"},
          {"n":"1996","v":"1996"},
          {"n":"1995","v":"1995"},
          {"n":"1994","v":"1994"},
          {"n":"1993","v":"1993"},
          {"n":"1992","v":"1992"},
          {"n":"1991","v":"1991"},
          {"n":"1990","v":"1990"},
          {"n":"1989","v":"1989"},
          {"n":"1988","v":"1988"},
          {"n":"1987","v":"1987"},
          {"n":"1986","v":"1986"},
          {"n":"1985","v":"1985"},
          {"n":"1984","v":"1984"},
          {"n":"1983","v":"1983"},
          {"n":"1982","v":"1982"},
          {"n":"1981","v":"1981"},
          {"n":"1980","v":"1980"},
          {"n":"1979","v":"1979"},
          {"n":"1978","v":"1978"},
          {"n":"1977","v":"1977"},
          {"n":"1976","v":"1976"},
          {"n":"1975","v":"1975"},
          {"n":"1974","v":"1974"},
          {"n":"1973","v":"1973"},
          {"n":"1972","v":"1972"},
          {"n":"1971","v":"1971"},
          {"n":"1970","v":"1970"},
          {"n":"1969","v":"1969"},
          {"n":"1968","v":"1968"},
          {"n":"1967","v":"1967"},
          {"n":"1966","v":"1966"},
          {"n":"1965","v":"1965"},
          {"n":"1964","v":"1964"},
          {"n":"1963","v":"1963"},
          {"n":"1962","v":"1962"},
          {"n":"1961","v":"1961"},
          {"n":"1960","v":"1960"},
          {"n":"1959","v":"1959"},
          {"n":"1958","v":"1958"}
        ]
      },
      {
        "key":"tid",
        "name":"中文",
        "value":[
          {"n":"默認","v":""},
          {"n":"華語熱播電視劇官方頻道","v":"華語熱播電視劇官方頻道"},
          {"n":"粵劇","v":"粵劇 劇集"},
          {"n":"TVB","v":"@TVB"},
          {"n":"国剧放映社","v":"国剧放映社"},
          {"n":"大陆","v":"大陆 剧集"},
          {"n":"腾讯","v":"腾讯 剧集"},
          {"n":"爱奇艺","v":"爱奇艺 剧集"},
          {"n":"优酷","v":"优酷 剧集"},
          {"n":"芒果","v":"芒果TV 剧集"},
          {"n":"搜狐","v":"搜狐 剧集"},
          {"n":"华数","v":"华数 剧集"},
          {"n":"港台","v":"港台 剧集"},
          {"n":"美国","v":"美国 Full Episode 完整剧集"},
          {"n":"Netflix","v":"Netflix Full Episode 完整剧集"},
          {"n":"Disney","v":"disney Full Episode 完整剧集"},
          {"n":"Apple","v":"apple Full Episode 完整剧集"},
          {"n":"Amazon","v":"amazon Full Episode 完整剧集"},
          {"n":"HBO","v":"hbo Full Episode 完整剧集"},
          {"n":"韩国","v":"韩国 剧集"},
          {"n":"日本","v":"日本 剧集"},
          {"n":"英国","v":"英国 Full Episode 完整剧集"}
        ]
      },
      {
        "key":"tid",
        "name":"English",
        "value":[
          {"n":"Drama","v":"Full Episode drama"},
          {"n":"US","v":"drama Full Episode US"},
          {"n":"Netflix","v":"netflix Full Episode drama"},
          {"n":"Disney","v":"disney Full Episode drama"},
          {"n":"Apple","v":"apple Full Episode drama"},
          {"n":"Amazon","v":"amazon Full Episode drama"},
          {"n":"HBO","v":"hbo Full Episode drama"},
          {"n":"Korea","v":"korea Full Episode drama"},
          {"n":"Japan","v":"japan Full Episode drama"},
          {"n":"UK","v":"uk Full Episode drama"}
        ]
      }
    ],
    "電影":[
      {
        "key":"time",
        "name":"時間",
        "value":[
          {"n":"時間全選","v":""},
          {"n":"2024","v":"2024"},
          {"n":"2023","v":"2023"},
          {"n":"2022","v":"2022"},
          {"n":"2021","v":"2021"},
          {"n":"2020","v":"2020"},
          {"n":"2019","v":"2019"},
          {"n":"2018","v":"2018"},
          {"n":"2017","v":"2017"},
          {"n":"2016","v":"2016"},
          {"n":"2015","v":"2015"},
          {"n":"2014","v":"2014"},
          {"n":"2013","v":"2013"},
          {"n":"2012","v":"2012"},
          {"n":"2011","v":"2011"},
          {"n":"2010","v":"2010"},
          {"n":"2009","v":"2009"},
          {"n":"2008","v":"2008"},
          {"n":"2007","v":"2007"},
          {"n":"2006","v":"2006"},
          {"n":"2005","v":"2005"},
          {"n":"2004","v":"2004"},
          {"n":"2003","v":"2003"},
          {"n":"2002","v":"2002"},
          {"n":"2001","v":"2001"},
          {"n":"2000","v":"2000"},
          {"n":"1999","v":"1999"},
          {"n":"1998","v":"1998"},
          {"n":"1997","v":"1997"},
          {"n":"1996","v":"1996"},
          {"n":"1995","v":"1995"},
          {"n":"1994","v":"1994"},
          {"n":"1993","v":"1993"},
          {"n":"1992","v":"1992"},
          {"n":"1991","v":"1991"},
          {"n":"1990","v":"1990"},
          {"n":"1989","v":"1989"},
          {"n":"1988","v":"1988"},
          {"n":"1987","v":"1987"},
          {"n":"1986","v":"1986"},
          {"n":"1985","v":"1985"},
          {"n":"1984","v":"1984"},
          {"n":"1983","v":"1983"},
          {"n":"1982","v":"1982"},
          {"n":"1981","v":"1981"},
          {"n":"1980","v":"1980"},
          {"n":"1979","v":"1979"},
          {"n":"1978","v":"1978"},
          {"n":"1977","v":"1977"},
          {"n":"1976","v":"1976"},
          {"n":"1975","v":"1975"},
          {"n":"1974","v":"1974"},
          {"n":"1973","v":"1973"},
          {"n":"1972","v":"1972"},
          {"n":"1971","v":"1971"},
          {"n":"1970","v":"1970"},
          {"n":"1969","v":"1969"},
          {"n":"1968","v":"1968"},
          {"n":"1967","v":"1967"},
          {"n":"1966","v":"1966"},
          {"n":"1965","v":"1965"},
          {"n":"1964","v":"1964"},
          {"n":"1963","v":"1963"},
          {"n":"1962","v":"1962"},
          {"n":"1961","v":"1961"},
          {"n":"1960","v":"1960"},
          {"n":"1959","v":"1959"},
          {"n":"1958","v":"1958"}
        ]
      },
      {
        "key":"tid",
        "name":"中文",
        "value":[
          {"n":"默認","v":""},
          {"n":"大陆","v":"大陆 电影"},
          {"n":"腾讯","v":"腾讯 电影"},
          {"n":"爱奇艺","v":"爱奇艺 电影"},
          {"n":"优酷","v":"优酷 电影"},
          {"n":"芒果","v":"芒果TV 电影"},
          {"n":"搜狐","v":"搜狐 电影"},
          {"n":"港台","v":"港台 电影"},
          {"n":"美国","v":"美国 电影"},
          {"n":"Netflix","v":"netflix Full movie 电影"},
          {"n":"Disney","v":"disney Full movie 电影"},
          {"n":"Apple","v":"apple Full movie 电影"},
          {"n":"Amazon","v":"amazon Full movie 电影"},
          {"n":"HBO","v":"hbo Full movie 电影"},
          {"n":"韩国","v":"韩国 Full movie 电影"},
          {"n":"日本","v":"日本 Full movie 电影"},
          {"n":"英国","v":"英国 Full movie 电影"}
        ]
      },
      {
        "key":"tid",
        "name":"English",
        "value":[
          {"n":"movie","v":"youtube movies Full movie"},
          {"n":"US","v":"us Full movie movie"},
          {"n":"Netflix movie","v":"netflix Full movie movie"},
          {"n":"Disney","v":"disney Full movie movie"},
          {"n":"Apple","v":"apple Full movie movie"},
          {"n":"Amazon","v":"amazon Full movie movie"},
          {"n":"HBO","v":"hbo Full movie movie"},
          {"n":"Koera","v":"korea Full movie movie"},
          {"n":"Japan","v":"japan Full movie movie"},
          {"n":"UK","v":"uk Full movie movie"}
        ]
      }
    ],
    "LIST:综艺,芒果综艺,腾讯综艺,爱奇艺综艺,优酷综艺,卫视综艺":[
      {
        "key":"time",
        "name":"時間",
        "value":[
          {"n":"時間全選","v":""},
          {"n":"2024","v":"2024"},
          {"n":"2023","v":"2023"},
          {"n":"2022","v":"2022"},
          {"n":"2021","v":"2021"},
          {"n":"2020","v":"2020"},
          {"n":"2019","v":"2019"},
          {"n":"2018","v":"2018"},
          {"n":"2017","v":"2017"},
          {"n":"2016","v":"2016"},
          {"n":"2015","v":"2015"},
          {"n":"2014","v":"2014"},
          {"n":"2013","v":"2013"},
          {"n":"2012","v":"2012"},
          {"n":"2011","v":"2011"},
          {"n":"2010","v":"2010"},
          {"n":"2009","v":"2009"},
          {"n":"2008","v":"2008"},
          {"n":"2007","v":"2007"},
          {"n":"2006","v":"2006"},
          {"n":"2005","v":"2005"},
          {"n":"2004","v":"2004"},
          {"n":"2003","v":"2003"},
          {"n":"2002","v":"2002"},
          {"n":"2001","v":"2001"},
          {"n":"2000","v":"2000"},
          {"n":"1999","v":"1999"},
          {"n":"1998","v":"1998"},
          {"n":"1997","v":"1997"},
          {"n":"1996","v":"1996"},
          {"n":"1995","v":"1995"},
          {"n":"1994","v":"1994"},
          {"n":"1993","v":"1993"},
          {"n":"1992","v":"1992"},
          {"n":"1991","v":"1991"},
          {"n":"1990","v":"1990"},
          {"n":"1989","v":"1989"},
          {"n":"1988","v":"1988"},
          {"n":"1987","v":"1987"},
          {"n":"1986","v":"1986"},
          {"n":"1985","v":"1985"},
          {"n":"1984","v":"1984"},
          {"n":"1983","v":"1983"},
          {"n":"1982","v":"1982"},
          {"n":"1981","v":"1981"},
          {"n":"1980","v":"1980"},
          {"n":"1979","v":"1979"},
          {"n":"1978","v":"1978"},
          {"n":"1977","v":"1977"},
          {"n":"1976","v":"1976"},
          {"n":"1975","v":"1975"},
          {"n":"1974","v":"1974"},
          {"n":"1973","v":"1973"},
          {"n":"1972","v":"1972"},
          {"n":"1971","v":"1971"},
          {"n":"1970","v":"1970"},
          {"n":"1969","v":"1969"},
          {"n":"1968","v":"1968"},
          {"n":"1967","v":"1967"},
          {"n":"1966","v":"1966"},
          {"n":"1965","v":"1965"},
          {"n":"1964","v":"1964"},
          {"n":"1963","v":"1963"},
          {"n":"1962","v":"1962"},
          {"n":"1961","v":"1961"},
          {"n":"1960","v":"1960"},
          {"n":"1959","v":"1959"},
          {"n":"1958","v":"1958"}
        ]
      },
      {
        "key":"tid",
        "name":"中文",
        "value":[
          {"n":"默认","v":"Variety show"},
          {"n":"大陆","v":"大陆 综艺"},
          {"n":"芒果","v":"芒果 综艺"},
          {"n":"腾讯","v":"腾讯 综艺"},
          {"n":"爱奇艺","v":"爱奇艺 综艺"},
          {"n":"优酷","v":"优酷 综艺"},
          {"n":"港台","v":"港台 综艺"},
          {"n":"美国","v":"美国 综艺"},
          {"n":"Netflix","v":"Netflix 综艺"},
          {"n":"韩国","v":"CRAVITY on Variety Shows 韩国 综艺"},
          {"n":"日本","v":"日本 综艺"},
          {"n":"英国","v":"英国 综艺"}
        ]
      },
      {
        "key":"tid",
        "name":"English",
        "value":[
          {"n":"Variety","v":"variety"},
          {"n":"Netflix variety","v":"netflix variety"},
          {"n":"Korea","v":"korea variety"},
          {"n":"Japan","v":"japan variety"},
          {"n":"UK","v":"uk variety"}
        ]
      },
      {
        "key":"tid",
        "name":"小品",
        "value":[
          {"n":"春晚小品","v":"春晚小品"},
          {"n":"开心麻花","v":"开心麻花"},
          {"n":"屌丝男士","v":"屌丝男士"},
          {"n":"喜剧综艺","v":"喜剧综艺"},
          {"n":"单口","v":"单口 相声"},
          {"n":"群口","v":"群口 相声"},
          {"n":"德云社","v":"德云社"},
          {"n":"青曲社","v":"青曲社"},
          {"n":"郭德纲","v":"郭德纲"},
          {"n":"岳云鹏","v":"岳云鹏"},
          {"n":"曹云金","v":"曹云金"},
          {"n":"评书","v":"评书"},
          {"n":"小曲","v":"小曲"},
          {"n":"赵本山","v":"赵本山"},
          {"n":"陈佩斯","v":"陈佩斯"},
          {"n":"冯巩","v":"冯巩"},
          {"n":"宋小宝","v":"宋小宝"},
          {"n":"赵丽蓉","v":"赵丽蓉"},
          {"n":"潘长江","v":"潘长江"},
          {"n":"郭冬临","v":"郭冬临"},
          {"n":"严顺开","v":"严顺开"},
          {"n":"文松","v":"文松"}
        ]
      }
    ],
    "LIST:紀錄片,历史纪录片,自然纪录片,宇宙纪录片":[
      {
        "key":"time",
        "name":"時間",
        "value":[
          {"n":"時間全選","v":""},
          {"n":"2024","v":"2024"},
          {"n":"2023","v":"2023"},
          {"n":"2022","v":"2022"},
          {"n":"2021","v":"2021"},
          {"n":"2020","v":"2020"},
          {"n":"2019","v":"2019"},
          {"n":"2018","v":"2018"},
          {"n":"2017","v":"2017"},
          {"n":"2016","v":"2016"},
          {"n":"2015","v":"2015"},
          {"n":"2014","v":"2014"},
          {"n":"2013","v":"2013"},
          {"n":"2012","v":"2012"},
          {"n":"2011","v":"2011"},
          {"n":"2010","v":"2010"},
          {"n":"2009","v":"2009"},
          {"n":"2008","v":"2008"},
          {"n":"2007","v":"2007"},
          {"n":"2006","v":"2006"},
          {"n":"2005","v":"2005"},
          {"n":"2004","v":"2004"},
          {"n":"2003","v":"2003"},
          {"n":"2002","v":"2002"},
          {"n":"2001","v":"2001"},
          {"n":"2000","v":"2000"},
          {"n":"1999","v":"1999"},
          {"n":"1998","v":"1998"},
          {"n":"1997","v":"1997"},
          {"n":"1996","v":"1996"},
          {"n":"1995","v":"1995"},
          {"n":"1994","v":"1994"},
          {"n":"1993","v":"1993"},
          {"n":"1992","v":"1992"},
          {"n":"1991","v":"1991"},
          {"n":"1990","v":"1990"},
          {"n":"1989","v":"1989"},
          {"n":"1988","v":"1988"},
          {"n":"1987","v":"1987"},
          {"n":"1986","v":"1986"},
          {"n":"1985","v":"1985"},
          {"n":"1984","v":"1984"},
          {"n":"1983","v":"1983"},
          {"n":"1982","v":"1982"},
          {"n":"1981","v":"1981"},
          {"n":"1980","v":"1980"},
          {"n":"1979","v":"1979"},
          {"n":"1978","v":"1978"},
          {"n":"1977","v":"1977"},
          {"n":"1976","v":"1976"},
          {"n":"1975","v":"1975"},
          {"n":"1974","v":"1974"},
          {"n":"1973","v":"1973"},
          {"n":"1972","v":"1972"},
          {"n":"1971","v":"1971"},
          {"n":"1970","v":"1970"},
          {"n":"1969","v":"1969"},
          {"n":"1968","v":"1968"},
          {"n":"1967","v":"1967"},
          {"n":"1966","v":"1966"},
          {"n":"1965","v":"1965"},
          {"n":"1964","v":"1964"},
          {"n":"1963","v":"1963"},
          {"n":"1962","v":"1962"},
          {"n":"1961","v":"1961"},
          {"n":"1960","v":"1960"},
          {"n":"1959","v":"1959"},
          {"n":"1958","v":"1958"}
        ]
      },
      {
        "key":"tid",
        "name":"中文",
        "value":[
          {"n":"地區🎶排序","v":"歷史記錄片 地球記錄片 宇宙記錄片 海洋記錄片 戰爭記錄片 大自然生存記錄片"},
          {"n":"默认","v":"documentary"},
          {"n":"CCTV纪录片","v":"CCTV 纪录片"},
          {"n":"BBC纪录片","v":"BBC 纪录片"},
          {"n":"国家地理","v":"国家地理 纪录片"},
          {"n":"Netflix纪录片","v":"netflix 纪录片"},
          {"n":"BBC","v":"BBC documentary"},
          {"n":"National Geographic","v":"National Geographic documentary"},
          {"n":"Netflix","v":"netflix documentary"},
          {"n":"历史","v":"历史 纪录片"},
          {"n":"野性","v":"野性 纪录片"},
          {"n":"地球","v":"地球 纪录片"},
          {"n":"宇宙","v":"宇宙 纪录片"},
          {"n":"海洋","v":"海洋 纪录片"},
          {"n":"人文","v":"人文 纪录片"},
          {"n":"战争","v":"战争 纪录片"}
        ]
      },
      {
        "key":"tid",
        "name":"English",
        "value":[
          {"n":"History","v":"Full history documentary"},
          {"n":"WILD","v":"Full wild documentary"},
          {"n":"Earch","v":"Full earth documentary"},
          {"n":"Universe","v":"Full universe documentary"},
          {"n":"Oceans","v":"Full oceans documentary"},
          {"n":"Humanism","v":"Full humanism documentary"},
          {"n":"Wars","v":"Full war documentary"}
        ]
      }
    ],
    "LIST:华语音乐,华语MV,点击率最高":[
      {
        "key":"time",
        "name":"時間",
        "value":[
          {"n":"時間全選","v":""},
          {"n":"2024","v":"2024"},
          {"n":"2023","v":"2023"},
          {"n":"2022","v":"2022"},
          {"n":"2021","v":"2021"},
          {"n":"2020","v":"2020"},
          {"n":"2019","v":"2019"},
          {"n":"2018","v":"2018"},
          {"n":"2017","v":"2017"},
          {"n":"2016","v":"2016"},
          {"n":"2015","v":"2015"},
          {"n":"2014","v":"2014"},
          {"n":"2013","v":"2013"},
          {"n":"2012","v":"2012"},
          {"n":"2011","v":"2011"},
          {"n":"2010","v":"2010"},
          {"n":"2009","v":"2009"},
          {"n":"2008","v":"2008"},
          {"n":"2007","v":"2007"},
          {"n":"2006","v":"2006"},
          {"n":"2005","v":"2005"},
          {"n":"2004","v":"2004"},
          {"n":"2003","v":"2003"},
          {"n":"2002","v":"2002"},
          {"n":"2001","v":"2001"},
          {"n":"2000","v":"2000"},
          {"n":"1999","v":"1999"},
          {"n":"1998","v":"1998"},
          {"n":"1997","v":"1997"},
          {"n":"1996","v":"1996"},
          {"n":"1995","v":"1995"},
          {"n":"1994","v":"1994"},
          {"n":"1993","v":"1993"},
          {"n":"1992","v":"1992"},
          {"n":"1991","v":"1991"},
          {"n":"1990","v":"1990"},
          {"n":"1989","v":"1989"},
          {"n":"1988","v":"1988"},
          {"n":"1987","v":"1987"},
          {"n":"1986","v":"1986"},
          {"n":"1985","v":"1985"},
          {"n":"1984","v":"1984"},
          {"n":"1983","v":"1983"},
          {"n":"1982","v":"1982"},
          {"n":"1981","v":"1981"},
          {"n":"1980","v":"1980"},
          {"n":"1979","v":"1979"},
          {"n":"1978","v":"1978"},
          {"n":"1977","v":"1977"},
          {"n":"1976","v":"1976"},
          {"n":"1975","v":"1975"},
          {"n":"1974","v":"1974"},
          {"n":"1973","v":"1973"},
          {"n":"1972","v":"1972"},
          {"n":"1971","v":"1971"},
          {"n":"1970","v":"1970"},
          {"n":"1969","v":"1969"},
          {"n":"1968","v":"1968"},
          {"n":"1967","v":"1967"},
          {"n":"1966","v":"1966"},
          {"n":"1965","v":"1965"},
          {"n":"1964","v":"1964"},
          {"n":"1963","v":"1963"},
          {"n":"1962","v":"1962"},
          {"n":"1961","v":"1961"},
          {"n":"1960","v":"1960"},
          {"n":"1959","v":"1959"},
          {"n":"1958","v":"1958"}
        ]
      },
      {
        "key":"tid",
        "name":"地區",
        "value":[
          {"n":"華語音樂","v":"華語音樂"},
          {"n":"華語MV","v":"華語MV"},
          {"n":"环球视听","v":"环球视听1980 @RippleOfficialEvent"},
          {"n":"YouTube 點閱率最高","v":"YouTube 點閱率最高觀看次數最多華語歌曲"},
          {"n":"海外抖音","v":"TikTok 翻唱 抖音 音樂"},
          {"n":"粵語","v":"粵語 音樂"},
          {"n":"國語","v":"國語 音樂"},
          {"n":"大陆","v":"大陆 音乐"},
          {"n":"香港","v":"香港 音乐"},
          {"n":"台湾","v":"台湾 音乐"},
          {"n":"新加坡","v":"新加坡 音乐"},
          {"n":"馬來西亞","v":"馬來西亞 音乐"},
          {"n":"泰國","v":"泰國 音乐"},
          {"n":"越南","v":"越南 音乐"},
          {"n":"印度","v":"印度 音乐"},
          {"n":"韩国","v":"韩国 音乐"},
          {"n":"日本","v":"日本 音乐"},
          {"n":"欧美","v":"欧美 音乐"}
        ]
      },
      {
        "key":"tid",
        "name":"愛好",
        "value":[
          {"n":"舞曲","v":"慢搖 夜店 低音 女聲 "},
          {"n":"80-90","v":"80 90 音樂"},
          {"n":"人聲","v":"人聲 音樂"},
          {"n":"A8製造","v":"A8製造 工體音樂"},
          {"n":"硬歌","v":"深水炸彈 音樂"},
          {"n":"失傳已久","v":"嗨音雷虎 失傳 嗨音會所 音樂"},
          {"n":"重低音DJ","v":"3D 8D 慢搖 重低音 音樂"},
          {"n":"車載舞曲","v":"車載慢搖DJ歌曲串燒 深水炸彈DJ歌曲串燒 越南鼓DJ歌曲串燒 音樂"},
          {"n":"超級女聲","v":"超級女聲"},
          {"n":"tseries","v":"@tseries"}
        ]
      },
      {
        "key":"tid",
        "name":"歌手",
        "value":[
          {"n":"邁克爾傑克遜","v":"邁克爾傑克遜 演唱會，巡演 音樂"},
          {"n":"張瑋伽","v":"張瑋伽 演唱會 巡演 音樂"},
          {"n":"孫露","v":"孫露 演唱會 巡演 音樂"},
          {"n":"鳳凰傳奇","v":"鳳凰傳奇 演 巡演 音樂"},
          {"n":"龍梅子","v":"龍梅子 演唱會 巡演 音樂"},
          {"n":"刀郎","v":"刀郎 演唱會 巡演 音樂"},
          {"n":"S.H.E","v":"S.H.E 演唱會 巡演 音樂"},
          {"n":"慕容曉曉","v":"慕容曉曉 演唱會 巡演 音樂"},
          {"n":"東方紅豔","v":"東方紅豔 演唱會 巡演 音樂"},
          {"n":"孟庭葦","v":"孟庭葦 演唱會 巡演 音樂"},
          {"n":"斯琴高麗","v":"斯琴高麗 演唱會 巡演 音樂"},
          {"n":"程響","v":"程響 演唱會 巡演 音樂"},
          {"n":"蔣雪兒","v":"蔣雪兒 演唱會 巡演 音樂"}
        ]
      }
    ],
    "體育":[
      {
        "key":"time",
        "name":"時間",
        "value":[
          {"n":"時間全選","v":""},
          {"n":"2024","v":"2024"},
          {"n":"2023","v":"2023"},
          {"n":"2022","v":"2022"},
          {"n":"2021","v":"2021"},
          {"n":"2020","v":"2020"},
          {"n":"2019","v":"2019"},
          {"n":"2018","v":"2018"},
          {"n":"2017","v":"2017"},
          {"n":"2016","v":"2016"},
          {"n":"2015","v":"2015"},
          {"n":"2014","v":"2014"},
          {"n":"2013","v":"2013"},
          {"n":"2012","v":"2012"},
          {"n":"2011","v":"2011"},
          {"n":"2010","v":"2010"},
          {"n":"2009","v":"2009"},
          {"n":"2008","v":"2008"},
          {"n":"2007","v":"2007"},
          {"n":"2006","v":"2006"},
          {"n":"2005","v":"2005"},
          {"n":"2004","v":"2004"},
          {"n":"2003","v":"2003"},
          {"n":"2002","v":"2002"},
          {"n":"2001","v":"2001"},
          {"n":"2000","v":"2000"},
          {"n":"1999","v":"1999"},
          {"n":"1998","v":"1998"},
          {"n":"1997","v":"1997"},
          {"n":"1996","v":"1996"},
          {"n":"1995","v":"1995"},
          {"n":"1994","v":"1994"},
          {"n":"1993","v":"1993"},
          {"n":"1992","v":"1992"},
          {"n":"1991","v":"1991"},
          {"n":"1990","v":"1990"},
          {"n":"1989","v":"1989"},
          {"n":"1988","v":"1988"},
          {"n":"1987","v":"1987"},
          {"n":"1986","v":"1986"},
          {"n":"1985","v":"1985"},
          {"n":"1984","v":"1984"},
          {"n":"1983","v":"1983"},
          {"n":"1982","v":"1982"},
          {"n":"1981","v":"1981"},
          {"n":"1980","v":"1980"},
          {"n":"1979","v":"1979"},
          {"n":"1978","v":"1978"},
          {"n":"1977","v":"1977"},
          {"n":"1976","v":"1976"},
          {"n":"1975","v":"1975"},
          {"n":"1974","v":"1974"},
          {"n":"1973","v":"1973"},
          {"n":"1972","v":"1972"},
          {"n":"1971","v":"1971"},
          {"n":"1970","v":"1970"},
          {"n":"1969","v":"1969"},
          {"n":"1968","v":"1968"},
          {"n":"1967","v":"1967"},
          {"n":"1966","v":"1966"},
          {"n":"1965","v":"1965"},
          {"n":"1964","v":"1964"},
          {"n":"1963","v":"1963"},
          {"n":"1962","v":"1962"},
          {"n":"1961","v":"1961"},
          {"n":"1960","v":"1960"},
          {"n":"1959","v":"1959"},
          {"n":"1958","v":"1958"}
        ]
      },
      {
        "key":"tid",
        "name":"中文",
        "value":[
          {"n":"默认","v":""},
          {"n":"體育直播","v":"体育直播"},
          {"n":"體育赛事","v":"体育赛事"},
          {"n":"足球比賽","v":"足球賽事"},
          {"n":"篮球比賽","v":"篮球賽事"},
          {"n":"极限運動","v":"极限運動"},
          {"n":"室内運動","v":"室内运动"},
          {"n":"户外運動","v":"户外运动"},
          {"n":"健身運動","v":"健身運動"}
        ]
      },
      {
        "key":"tid",
        "name":"English",
        "value":[
          {"n":"Live","v":"live sports"},
          {"n":"Games","v":"live games"},
          {"n":"Soccer","v":"live soccer"},
          {"n":"NBA","v":"NBA"},
          {"n":"Extreme","v":"extreme sports"},
          {"n":"InDoor","v":"indoor sports"},
          {"n":"OutDoor","v":"outdoor sports"},
          {"n":"Workout","v":"workout"}
        ]
      },
      {
        "key":"tid",
        "name":"體育",
        "value":[
          {"n":"女足港場","v":"女足港場 @Hong KongWomensStadium"},
          {"n":"全國校運動會","v":"全國大專 校院運動會 全中運 女子組賽事 全國中等 學校運動會"},
          {"n":"女中儀隊","v":"北一女中樂儀旗隊永續發展協會 北一女中家長會樂儀旗家長後援會 北一女中儀隊校友隊 台灣 学校运动会 景美女中儀隊 北一女樂儀旗隊 full樂儀隊 "},
          {"n":"校園熱舞","v":"full 校園熱舞 開南熱無 開南大學課外活動組 女生熱舞社 南寶熱舞社 寶踐熱舞社 NTDC 熱舞社 STUST"},
          {"n":"红星体育官方频道","v":"红星体育官方频道【高清直播】"},
          {"n":"中國體育比賽傳奇","v":"中國體育比賽傳奇"},
          {"n":"愛爾達體育家族","v":"愛爾達體育家族 ELTA Sports"},
          {"n":"公視體育","v":"公視體育"},
          {"n":"體育之光","v":"體育之光"},
          {"n":"偶然體育賽事","v":"偶然體育賽事"}
        ]
      }
    ],
    "時尚潮流":[
      {
        "key":"tid",
        "name":"時裝秀",
        "value":[
          {"n":"街舞","v":"脫衣舞 丁字褲 街舞 太空步 機械舞 舞 裸體舞蹈 霹靂舞 魔性舞蹈 鬼步舞 木偶舞 女性藝術舞蹈"},
          {"n":"時尚走秀","v":"T台走秀 lingerie show"},
          {"n":"時裝秀","v":"hdr ASM lingerieTV 東京ファッションショー 下着ショー"},
          {"n":"潮流秀","v":"FASHION IN UHD"},
          {"n":"時裝模特","v":"FASHION Runway"},
          {"n":"模特","v":"比基尼 泳裝 頂級車模 空姐 寫真 Car model Stewardess Portrait"},
          {"n":"裸体秀","v":"hdr 人體藝術 裸体秀 Nude show"},
          {"n":"無限亂鬥","v":"hdr 廟會秀 無限HD 公廟 鋼管舞 脫衣舞 舞女 清純 寫真"}
        ]
      },
      {
        "key":"tid",
        "name":"小姐姐",
        "value":[
          {"n":"小姐姐超清","v":"小姐姐超清"},
          {"n":"国内小姐姐","v":"快手模特 抖音模特 国内小姐姐"},
          {"n":"韩国小姐姐","v":"韩国小姐姐"},
          {"n":"日本小姐姐","v":"日本小姐姐"},
          {"n":"俄罗斯小姐姐","v":"俄罗斯小姐姐"},
          {"n":"混血小姐姐","v":"混血小姐姐"},
          {"n":"越南小姐姐","v":"越南小姐姐"},
          {"n":"Al小姐姐","v":"Al美女超清"},
          {"n":"抖音热门小姐姐","v":"抖音热门小姐姐"},
          {"n":"快手热门美女","v":"快手热门美女"},
          {"n":"打碟小姐姐","v":"打碟小姐姐"},
          {"n":"冲浪小姐姐","v":"冲浪小姐姐"},
          {"n":"蹦迪小姐姐","v":"蹦迪小姐姐"},
          {"n":"艺校小姐姐","v":"艺校小姐姐"},
          {"n":"环球小姐","v":"环球小姐"},
          {"n":"泰国人妖","v":"泰国人妖"},
          {"n":"人间胸器","v":"人间胸器"}
        ]
      },
      {
        "key":"tid",
        "name":"English",
        "value":[
          {"n":"sexy Miss","v":"sexy Miss"},
          {"n":"Hot sexy Girl","v":"Hot sexy Girl"},
          {"n":"Korean Girl","v":"Korean sexy Girl"},
          {"n":"Japanese Girl","v":"Japanese sexy Girl"},
          {"n":"Russian Girl","v":"Russian sexy Girl"},
          {"n":"Vietnamese Girl","v":"Vietnamese sexy Girl"},
          {"n":"AI Girl","v":"AI Girl"},
          {"n":"TikTok Hot Siste","v":"TikTok Hot sexy Girl"},
          {"n":"Cute Girl","v":"sexy Cute Girl"},
          {"n":"Girl Dj","v":"sexy Girl Dj"},
          {"n":"Girl Surfer","v":"sexy Girl Surfer"},
          {"n":"Dance Girl","v":"Dance sexy Girl"},
          {"n":"Miss Universe","v":"Miss Universe"},
          {"n":"Thai Shemale","v":"Thai Shemale"}
        ]
      }
    ],
    "解說":[
      {
        "key":"tid",
        "name":"頻道主",
        "value":[
          {"n":"宇哥侃故事","v":"@yuge"},
          {"n":"零度解说","v":"@lingdujieshuo"}
        ]
      }
    ],
    "LIST:HDR,Girls HDR,Landscape HDR,Walk HDR":[
      {
        "key":"tid",
        "name":"風景",
        "value":[
          {"n":"運動","v":"GoPro 女翼裝飛行 極限自行車運動"},
          {"n":"風景","v":"hdr 大自然"},
          {"n":"Links TV頻道主","v":"@linksphotograph Links TV hdr"},
          {"n":"放鬆","v":"hdr 放鬆"},
          {"n":"動物世界","v":"hdr Carnivorous Animals 動物世界"},
          {"n":"深海世界","v":"hdr Invertebrate Fish 深海世界"},
          {"n":"飛禽走獸","v":"hdr Birds of Prey Columbiform Birds Passerine Birds"},
          {"n":"生物世界","v":"hdr Amphibians Reptiles 生物世界"}
        ]
      }
    ],
    "Full YouTube":[
      {
        "key":"tid",
        "name":"頻道主",
        "value":[
          {"n":"李子柒","v":"李子柒 Liziqi @cnliziqi"},
          {"n":"滇西小哥","v":"滇西小哥 @dianxixiaoge"},
          {"n":"老高與小茉","v":"老高與小茉 @laogao"},
          {"n":"李永樂老師","v":"李永樂老師 @TchLiyongle"}
        ]
      },
      {
        "key":"tid",
        "name":"美食頻道主",
        "value":[
          {"n":"美食作家王刚","v":"美食作家王刚 @chefwang"},
          {"n":"小高姐的 Magic Ingredients","v":"小高姐的 Magic Ingredients @MagicIngredients"},
          {"n":"小穎美食","v":"小穎美食 @XiaoYingFood"}
        ]
      },
      {
        "key":"tid",
        "name":"野外頻道主",
        "value":[
          {"n":"野外求生","v":"primitivetechnology9550 @primitivetechnology9550"}
        ]
      },
      {
        "key":"tid",
        "name":"科普頻道主",
        "value":[
          {"n":"科普","v":"Mr Beast@MrBeast"},
          {"n":"航天大學","v":"Airforceproud95 @Airforceproud95"},
          {"n":"世界大戰","v":"TheGreatWar @TheGreatWar"},
          {"n":"MarkRober","v":"Mark Rober @MarkRober"}
        ]
      },
      {
        "key":"tid",
        "name":"教材",
        "value":[
          {"n":"不良林","v":"不良林"},
          {"n":"涌哥侃侃","v":"涌哥侃侃 @ygkkk"},
          {"n":"悟空的日常","v":"悟空的日常"}
        ]
      }
    ],
    "宇宙":[
      {
        "key":"tid",
        "name":"科普知識",
        "value":[
          {"n":"宇宙","v":"光年 黑洞 銀河系 空間站 太空技術"},
          {"n":"粒子","v":"空間粒子 宇宙磁場 四維空間 元素 量子 光波 光源 靈魂"},
          {"n":"靠蒙","v":"microorganism"}
        ]
      },
      {
        "key":"tid",
        "name":"歷史科普",
        "value":[
          {"n":"世界大戰","v":"世界大戰 二戰 日侵 八國聯軍"},
          {"n":"人物","v":"古代名人 歷史名人 歷代祖先"},
          {"n":"生物進化史","v":"人類進化 微生物進化 動物進化 地球進化"},
          {"n":"靠蒙","v":"歷史 History"}
        ]
      }
    ]
  },
  "jx":0,
  "parse":0
}